TRX_NUMBER,LINE_NUMBER,TAX_REGIME_CODE,TAX,TAX_RATE_CODE,TAX_JURISDICTION_CODE,TAX_AMT,TAX_RATE,TAXABLE_AMT,SELF_ASSESSED_FLAG,PROVIDER_REC_RATE,ATTRIBUTE11,ATTRIBUTE12,ATTRIBUTE13,ATTRIBUTE14,ATTRIBUTE15,TRX_DATE
XU071423A01,,"VERTEX US TAX",CITY,STD,CI-VTL-330612010,45,4.5,1000,N,,"SELLER_USE|Local Sales and Use Tax|General Sales and Use Tax",98-765432|SiteRegLevel123|||,"NEW YORK",TAXABLE|DEFAULT||SINGLE_RATE|||||||F,,2023-07-14T00:00:00.000+00:00
XU071423A01,,"VERTEX US TAX",CITY,STD,CI-VTL-450190014,10,1,1000,N,,"SELLER_USE|Local Sales and Use Tax|General Sales and Use Tax",98-765432|CUSTLEVELREG124|||,"CASTLE VALLEY",TAXABLE|DEFAULT||SINGLE_RATE|||||||F,,2023-07-14T00:00:00.000+00:00
XU071423A01,,"VERTEX US TAX",COUNTY,STD,CO-VTL-100250000,10,1,1000,N,,"SELLER_USE|Local Sales and Use Tax (Discretionary Sales Surtax)|General Sales and Use Tax",98-765432|CUSTLEVELREG124|||,MIAMI-DADE,TAXABLE|DEFAULT||TIERED|||||||F,,2023-07-14T00:00:00.000+00:00
XU071423A01,,"VERTEX US TAX",COUNTY,STD,CO-VTL-430370000,22.5,2.25,1000,N,,"SELLER_USE|Local Sales and Use Tax|General Sales and Use Tax",98-765432|CUSTLEVELREG124|||,DAVIDSON,TAXABLE|DEFAULT||TIERED|||||||F,,2023-07-14T00:00:00.000+00:00
XU071423A01,,"VERTEX US TAX",COUNTY,STD,CO-VTL-450190000,10,1,1000,N,,"SELLER_USE|Local Sales and Use Tax|General Sales and Use Tax",98-765432|CUSTLEVELREG124|||,GRAND,TAXABLE|DEFAULT||SINGLE_RATE|||||||F,,2023-07-14T00:00:00.000+00:00
XU071423A01,,"VERTEX US TAX",SALES_TAX_DISTRICT_1,STD,DI-VTL-79774,3.75,0.375,1000,N,,"SELLER_USE|Metropolitan Commuter Transportation District|General Sales and Use Tax",98-765432|SiteRegLevel123|||,"METROPOLITAN COMMUTER TRANSPORTATION DISTRICT",TAXABLE|DEFAULT||SINGLE_RATE|||||||F,,2023-07-14T00:00:00.000+00:00
XU071423A01,,"VERTEX US TAX",STATE,STD,ST-VTL-100000000,60,6,1000,N,,"SELLER_USE|Sales and Use Tax|General Sales and Use Tax",|SiteRegLevel123|||,FLORIDA,TAXABLE|DEFAULT||SINGLE_RATE|||||||F,,2023-07-14T00:00:00.000+00:00
XU071423A01,,"VERTEX US TAX",STATE,STD,ST-VTL-330000000,40,4,1000,N,,"SELLER_USE|Sales and Compensating Use Tax|General Sales and Use Tax",|CUSTLEVELREG124|||,"NEW YORK",TAXABLE|DEFAULT||SINGLE_RATE|||||||F,,2023-07-14T00:00:00.000+00:00
XU071423A01,,"VERTEX US TAX",STATE,STD,ST-VTL-430000000,70,7,1000,N,,"SELLER_USE|Sales and Use Tax|General Sales and Use Tax",|SiteRegLevel123|||,TENNESSEE,TAXABLE|DEFAULT||SINGLE_RATE|||||||F,,2023-07-14T00:00:00.000+00:00
XU071423A01,,"VERTEX US TAX",STATE,STD,ST-VTL-450000000,48.5,4.85,1000,N,,"SELLER_USE|Sales and Use Tax|General Sales and Use Tax",|SiteRegLevel123|||,UTAH,TAXABLE|DEFAULT||SINGLE_RATE|||||||F,,2023-07-14T00:00:00.000+00:00
XU071423A02,,"VERTEX US TAX",CITY,STD,CI-VTL-330612010,45,4.5,1000,N,,"SELLER_USE|Local Sales and Use Tax|General Sales and Use Tax",98-765432|SiteRegLevel123|||,"NEW YORK",TAXABLE|DEFAULT||SINGLE_RATE|||||||F,,2023-07-14T00:00:00.000+00:00
XU071423A02,,"VERTEX US TAX",SALES_TAX_DISTRICT_1,STD,DI-VTL-79774,3.75,0.375,1000,N,,"SELLER_USE|Metropolitan Commuter Transportation District|General Sales and Use Tax",98-765432|SiteRegLevel123|||,"METROPOLITAN COMMUTER TRANSPORTATION DISTRICT",TAXABLE|DEFAULT||SINGLE_RATE|||||||F,,2023-07-14T00:00:00.000+00:00
XU071423A02,,"VERTEX US TAX",STATE,STD,ST-VTL-330000000,40,4,1000,N,,"SELLER_USE|Sales and Compensating Use Tax|General Sales and Use Tax",|CUSTLEVELREG124|||,"NEW YORK",TAXABLE|DEFAULT||SINGLE_RATE|||||||F,,2023-07-14T00:00:00.000+00:00
XU071423A03,,"VERTEX US TAX",COUNTY,STD,CO-VTL-430370000,36,2.25,1600,N,,"SELLER_USE|Local Sales and Use Tax|General Sales and Use Tax",98-765432|CUSTLEVELREG124|||,DAVIDSON,TAXABLE|DEFAULT||TIERED|||||||F,,2023-07-14T00:00:00.000+00:00
XU071423A03,,"VERTEX US TAX",STATE,STD,ST-VTL-430000000,700,7,10000,N,,"SELLER_USE|Sales and Use Tax|General Sales and Use Tax",|SiteRegLevel123|||,TENNESSEE,TAXABLE|DEFAULT||SINGLE_RATE|||||||F,,2023-07-14T00:00:00.000+00:00
XU071423A04,,"VERTEX US TAX",COUNTY,STD,CO-VTL-430370000,36,2.25,1600,N,,"SELLER_USE|Local Sales and Use Tax|General Sales and Use Tax",98-765432|CUSTLEVELREG124|||,DAVIDSON,TAXABLE|DEFAULT||TIERED|||||||F,,2023-07-14T00:00:00.000+00:00
XU071423A04,,"VERTEX US TAX",STATE,STD,ST-VTL-430000000,651.85,7,9312.15,N,,"SELLER_USE|Sales and Use Tax|General Sales and Use Tax",|SiteRegLevel123|||,TENNESSEE,TAXABLE|DEFAULT||SINGLE_RATE|||||||F,,2023-07-14T00:00:00.000+00:00
XU071423A05,,"VERTEX US TAX",CITY,STD,CI-VTL-330612010,45,4.5,1000,N,,"SELLER_USE|Local Sales and Use Tax|General Sales and Use Tax",98-765432|SiteRegLevel123|||,"NEW YORK",TAXABLE|DEFAULT||SINGLE_RATE|||||||F,,2023-07-14T00:00:00.000+00:00
XU071423A05,,"VERTEX US TAX",CITY,STD,CI-VTL-330612010,90,4.5,2000,N,,"SELLER_USE|Local Sales and Use Tax|General Sales and Use Tax",98-765432|SiteRegLevel123|||,"NEW YORK",TAXABLE|DEFAULT||SINGLE_RATE|||||||F,,2023-07-14T00:00:00.000+00:00
XU071423A05,,"VERTEX US TAX",CITY,STD,CI-VTL-330612010,90,4.5,2000,N,,"SELLER_USE|Local Sales and Use Tax|General Sales and Use Tax",98-765432|SiteRegLevel123|||,"NEW YORK",TAXABLE|DEFAULT||SINGLE_RATE|||||||F,,2023-07-14T00:00:00.000+00:00
XU071423A05,,"VERTEX US TAX",CITY,STD,CI-VTL-330612010,90,4.5,2000,N,,"SELLER_USE|Local Sales and Use Tax|General Sales and Use Tax",98-765432|SiteRegLevel123|||,"NEW YORK",TAXABLE|DEFAULT||SINGLE_RATE|||||||F,,2023-07-14T00:00:00.000+00:00
XU071423A05,,"VERTEX US TAX",SALES_TAX_DISTRICT_1,STD,DI-VTL-79774,3.75,0.375,1000,N,,"SELLER_USE|Metropolitan Commuter Transportation District|General Sales and Use Tax",98-765432|SiteRegLevel123|||,"METROPOLITAN COMMUTER TRANSPORTATION DISTRICT",TAXABLE|DEFAULT||SINGLE_RATE|||||||F,,2023-07-14T00:00:00.000+00:00
XU071423A05,,"VERTEX US TAX",SALES_TAX_DISTRICT_1,STD,DI-VTL-79774,7.5,0.375,2000,N,,"SELLER_USE|Metropolitan Commuter Transportation District|General Sales and Use Tax",98-765432|SiteRegLevel123|||,"METROPOLITAN COMMUTER TRANSPORTATION DISTRICT",TAXABLE|DEFAULT||SINGLE_RATE|||||||F,,2023-07-14T00:00:00.000+00:00
XU071423A05,,"VERTEX US TAX",SALES_TAX_DISTRICT_1,STD,DI-VTL-79774,7.5,0.375,2000,N,,"SELLER_USE|Metropolitan Commuter Transportation District|General Sales and Use Tax",98-765432|SiteRegLevel123|||,"METROPOLITAN COMMUTER TRANSPORTATION DISTRICT",TAXABLE|DEFAULT||SINGLE_RATE|||||||F,,2023-07-14T00:00:00.000+00:00
XU071423A05,,"VERTEX US TAX",SALES_TAX_DISTRICT_1,STD,DI-VTL-79774,7.5,0.375,2000,N,,"SELLER_USE|Metropolitan Commuter Transportation District|General Sales and Use Tax",98-765432|SiteRegLevel123|||,"METROPOLITAN COMMUTER TRANSPORTATION DISTRICT",TAXABLE|DEFAULT||SINGLE_RATE|||||||F,,2023-07-14T00:00:00.000+00:00
XU071423A05,,"VERTEX US TAX",STATE,STD,ST-VTL-330000000,40,4,1000,N,,"SELLER_USE|Sales and Compensating Use Tax|General Sales and Use Tax",|CUSTLEVELREG124|||,"NEW YORK",TAXABLE|DEFAULT||SINGLE_RATE|||||||F,,2023-07-14T00:00:00.000+00:00
XU071423A05,,"VERTEX US TAX",STATE,STD,ST-VTL-330000000,80,4,2000,N,,"SELLER_USE|Sales and Compensating Use Tax|General Sales and Use Tax",|CUSTLEVELREG124|||,"NEW YORK",TAXABLE|DEFAULT||SINGLE_RATE|||||||F,,2023-07-14T00:00:00.000+00:00
XU071423A05,,"VERTEX US TAX",STATE,STD,ST-VTL-330000000,80,4,2000,N,,"SELLER_USE|Sales and Compensating Use Tax|General Sales and Use Tax",|CUSTLEVELREG124|||,"NEW YORK",TAXABLE|DEFAULT||SINGLE_RATE|||||||F,,2023-07-14T00:00:00.000+00:00
XU071423A05,,"VERTEX US TAX",STATE,STD,ST-VTL-330000000,80,4,2000,N,,"SELLER_USE|Sales and Compensating Use Tax|General Sales and Use Tax",|CUSTLEVELREG124|||,"NEW YORK",TAXABLE|DEFAULT||SINGLE_RATE|||||||F,,2023-07-14T00:00:00.000+00:00
XU071423A06,,"VERTEX US TAX",CITY,STD,CI-VTL-450190014,10,1,1000,N,,"SELLER_USE|Local Sales and Use Tax|General Sales and Use Tax",98-765432|CUSTLEVELREG124|||,"CASTLE VALLEY",TAXABLE|DEFAULT||SINGLE_RATE|||||||F,,2023-07-14T00:00:00.000+00:00
XU071423A06,,"VERTEX US TAX",CITY,STD,CI-VTL-450190014,10,1,1000,N,,"SELLER_USE|Local Sales and Use Tax|General Sales and Use Tax",98-765432|CUSTLEVELREG124|||,"CASTLE VALLEY",TAXABLE|DEFAULT||SINGLE_RATE|||||||F,,2023-07-14T00:00:00.000+00:00
XU071423A06,,"VERTEX US TAX",CITY,STD,CI-VTL-450190014,10,1,1000,N,,"SELLER_USE|Local Sales and Use Tax|General Sales and Use Tax",98-765432|CUSTLEVELREG124|||,"CASTLE VALLEY",TAXABLE|DEFAULT||SINGLE_RATE|||||||F,,2023-07-14T00:00:00.000+00:00
XU071423A06,,"VERTEX US TAX",CITY,STD,CI-VTL-450190014,10,1,1000,N,,"SELLER_USE|Local Sales and Use Tax|General Sales and Use Tax",98-765432|CUSTLEVELREG124|||,"CASTLE VALLEY",TAXABLE|DEFAULT||SINGLE_RATE|||||||F,,2023-07-14T00:00:00.000+00:00
XU071423A06,,"VERTEX US TAX",COUNTY,STD,CO-VTL-450190000,10,1,1000,N,,"SELLER_USE|Local Sales and Use Tax|General Sales and Use Tax",98-765432|CUSTLEVELREG124|||,GRAND,TAXABLE|DEFAULT||SINGLE_RATE|||||||F,,2023-07-14T00:00:00.000+00:00
XU071423A06,,"VERTEX US TAX",COUNTY,STD,CO-VTL-450190000,10,1,1000,N,,"SELLER_USE|Local Sales and Use Tax|General Sales and Use Tax",98-765432|CUSTLEVELREG124|||,GRAND,TAXABLE|DEFAULT||SINGLE_RATE|||||||F,,2023-07-14T00:00:00.000+00:00
XU071423A06,,"VERTEX US TAX",COUNTY,STD,CO-VTL-450190000,10,1,1000,N,,"SELLER_USE|Local Sales and Use Tax|General Sales and Use Tax",98-765432|CUSTLEVELREG124|||,GRAND,TAXABLE|DEFAULT||SINGLE_RATE|||||||F,,2023-07-14T00:00:00.000+00:00
XU071423A06,,"VERTEX US TAX",COUNTY,STD,CO-VTL-450190000,10,1,1000,N,,"SELLER_USE|Local Sales and Use Tax|General Sales and Use Tax",98-765432|CUSTLEVELREG124|||,GRAND,TAXABLE|DEFAULT||SINGLE_RATE|||||||F,,2023-07-14T00:00:00.000+00:00
XU071423A06,,"VERTEX US TAX",STATE,STD,ST-VTL-450000000,48.5,4.85,1000,N,,"SELLER_USE|Sales and Use Tax|General Sales and Use Tax",|SiteRegLevel123|||,UTAH,TAXABLE|DEFAULT||SINGLE_RATE|||||||F,,2023-07-14T00:00:00.000+00:00
XU071423A06,,"VERTEX US TAX",STATE,STD,ST-VTL-450000000,48.5,4.85,1000,N,,"SELLER_USE|Sales and Use Tax|General Sales and Use Tax",|SiteRegLevel123|||,UTAH,TAXABLE|DEFAULT||SINGLE_RATE|||||||F,,2023-07-14T00:00:00.000+00:00
XU071423A06,,"VERTEX US TAX",STATE,STD,ST-VTL-450000000,48.5,4.85,1000,N,,"SELLER_USE|Sales and Use Tax|General Sales and Use Tax",|SiteRegLevel123|||,UTAH,TAXABLE|DEFAULT||SINGLE_RATE|||||||F,,2023-07-14T00:00:00.000+00:00
XU071423A06,,"VERTEX US TAX",STATE,STD,ST-VTL-450000000,48.5,4.85,1000,N,,"SELLER_USE|Sales and Use Tax|General Sales and Use Tax",|SiteRegLevel123|||,UTAH,TAXABLE|DEFAULT||SINGLE_RATE|||||||F,,2023-07-14T00:00:00.000+00:00
XU071423A07,,"VERTEX US TAX",CITY,STD,CI-VTL-330612010,0,0,0,N,,"SELLER_USE|Local Sales and Use Tax|General Sales and Use Tax",98-765432|98-7654352|||,"NEW YORK",EXEMPT|DEFAULT|Exempt||||||||F,,2023-07-14T00:00:00.000+00:00
XU071423A07,,"VERTEX US TAX",SALES_TAX_DISTRICT_1,STD,DI-VTL-79774,0,0,0,N,,"SELLER_USE|Metropolitan Commuter Transportation District|General Sales and Use Tax",98-765432|98-7654352|||,"METROPOLITAN COMMUTER TRANSPORTATION DISTRICT",EXEMPT|DEFAULT|Exempt||||||||F,,2023-07-14T00:00:00.000+00:00
XU071423A07,,"VERTEX US TAX",STATE,STD,ST-VTL-330000000,0,0,0,N,,"SELLER_USE|Sales and Compensating Use Tax|General Sales and Use Tax",|98-7654352|||,"NEW YORK",EXEMPT|DEFAULT|Exempt||||||||F,,2023-07-14T00:00:00.000+00:00
XU071423A08,,"VERTEX US TAX",STATE,STD,ST-VTL-070000000,0,0,0,N,,"SALES|Sales and Use Tax|General Sales and Use Tax",|SiteRegLevel123|||,CONNECTICUT,NONTAXABLE|DEFAULT|||||||||T,,2023-07-14T00:00:00.000+00:00
XU071423A08,,"VERTEX US TAX",STATE,STD,ST-VTL-070000000,10,1,1000,N,,"SELLER_USE|Sales and Use Tax|General Sales and Use Tax",|SiteRegLevel123|||,CONNECTICUT,TAXABLE|DEFAULT||SINGLE_RATE|||||||F,,2023-07-14T00:00:00.000+00:00
XU071423A08,,"VERTEX US TAX",STATE,STD,ST-VTL-070000000,63.5,6.35,1000,N,,"SELLER_USE|Sales and Use Tax|General Sales and Use Tax",|SiteRegLevel123|||,CONNECTICUT,TAXABLE|DEFAULT||SINGLE_RATE|||||||F,,2023-07-14T00:00:00.000+00:00
XU071423A09,,"VERTEX US TAX",COUNTY,STD,CO-VTL-100250000,50,1,5000,N,,"SELLER_USE|Local Sales and Use Tax (Discretionary Sales Surtax)|General Sales and Use Tax",98-765432|CUSTLEVELREG124|||,MIAMI-DADE,TAXABLE|DEFAULT||TIERED|||||||F,,2023-07-14T00:00:00.000+00:00
XU071423A09,,"VERTEX US TAX",STATE,STD,ST-VTL-100000000,600,6,10000,N,,"SELLER_USE|Sales and Use Tax|General Sales and Use Tax",|SiteRegLevel123|||,FLORIDA,TAXABLE|DEFAULT||SINGLE_RATE|||||||F,,2023-07-14T00:00:00.000+00:00
XU071423A10_DEC,,"VERTEX US TAX",CITY,STD,CI-VTL-330612010,2653.95,4.5,58976.54,N,,"SELLER_USE|Local Sales and Use Tax|General Sales and Use Tax",98-765432|SiteRegLevel123|||,"NEW YORK",TAXABLE|DEFAULT||SINGLE_RATE|||||||F,,2023-07-14T00:00:00.000+00:00
XU071423A10_DEC,,"VERTEX US TAX",SALES_TAX_DISTRICT_1,STD,DI-VTL-79774,221.16,0.375,58976.54,N,,"SELLER_USE|Metropolitan Commuter Transportation District|General Sales and Use Tax",98-765432|SiteRegLevel123|||,"METROPOLITAN COMMUTER TRANSPORTATION DISTRICT",TAXABLE|DEFAULT||SINGLE_RATE|||||||F,,2023-07-14T00:00:00.000+00:00
XU071423A10_DEC,,"VERTEX US TAX",STATE,STD,ST-VTL-330000000,2359.06,4,58976.54,N,,"SELLER_USE|Sales and Compensating Use Tax|General Sales and Use Tax",|CUSTLEVELREG124|||,"NEW YORK",TAXABLE|DEFAULT||SINGLE_RATE|||||||F,,2023-07-14T00:00:00.000+00:00
XU071423A11_DEC1,,"VERTEX US TAX",CITY,STD,CI-VTL-330612010,2653.95,4.5,58976.55,N,,"SELLER_USE|Local Sales and Use Tax|General Sales and Use Tax",98-765432|SiteRegLevel123|||,"NEW YORK",TAXABLE|DEFAULT||SINGLE_RATE|||||||F,,2023-07-14T00:00:00.000+00:00
XU071423A11_DEC1,,"VERTEX US TAX",SALES_TAX_DISTRICT_1,STD,DI-VTL-79774,221.16,0.375,58976.55,N,,"SELLER_USE|Metropolitan Commuter Transportation District|General Sales and Use Tax",98-765432|SiteRegLevel123|||,"METROPOLITAN COMMUTER TRANSPORTATION DISTRICT",TAXABLE|DEFAULT||SINGLE_RATE|||||||F,,2023-07-14T00:00:00.000+00:00
XU071423A11_DEC1,,"VERTEX US TAX",STATE,STD,ST-VTL-330000000,2359.06,4,58976.55,N,,"SELLER_USE|Sales and Compensating Use Tax|General Sales and Use Tax",|CUSTLEVELREG124|||,"NEW YORK",TAXABLE|DEFAULT||SINGLE_RATE|||||||F,,2023-07-14T00:00:00.000+00:00
XU071423A12_DEC2,,"VERTEX US TAX",CITY,STD,CI-VTL-330612010,2653.95,4.5,58976.55,N,,"SELLER_USE|Local Sales and Use Tax|General Sales and Use Tax",98-765432|SiteRegLevel123|||,"NEW YORK",TAXABLE|DEFAULT||SINGLE_RATE|||||||F,,2023-07-14T00:00:00.000+00:00
XU071423A12_DEC2,,"VERTEX US TAX",SALES_TAX_DISTRICT_1,STD,DI-VTL-79774,221.16,0.375,58976.55,N,,"SELLER_USE|Metropolitan Commuter Transportation District|General Sales and Use Tax",98-765432|SiteRegLevel123|||,"METROPOLITAN COMMUTER TRANSPORTATION DISTRICT",TAXABLE|DEFAULT||SINGLE_RATE|||||||F,,2023-07-14T00:00:00.000+00:00
XU071423A12_DEC2,,"VERTEX US TAX",STATE,STD,ST-VTL-330000000,2359.06,4,58976.55,N,,"SELLER_USE|Sales and Compensating Use Tax|General Sales and Use Tax",|CUSTLEVELREG124|||,"NEW YORK",TAXABLE|DEFAULT||SINGLE_RATE|||||||F,,2023-07-14T00:00:00.000+00:00
XU071423A13_CURR,,"VERTEX JP VAT","COUNTRY JP OUTPUT",VTX_JP_VAT_STD,VTX_JP_803920000,100,10,1000,N,,"VAT|National Consumption Tax|VAT",JP20180803|JP20190148|||,JAPAN,"TAXABLE|OGSTC|Standard Rate|SINGLE_RATE||21|||||F",,2023-07-14T00:00:00.000+00:00
XU071423CM01,,"VERTEX US TAX",CITY,STD,CI-VTL-330612010,-45,4.5,-1000,N,,"SELLER_USE|Local Sales and Use Tax|General Sales and Use Tax",98-765432|SiteRegLevel123|||,"NEW YORK",TAXABLE|DEFAULT||SINGLE_RATE|||||||F,,2023-07-14T00:00:00.000+00:00
XU071423CM01,,"VERTEX US TAX",CITY,STD,CI-VTL-450190014,-10,1,-1000,N,,"SELLER_USE|Local Sales and Use Tax|General Sales and Use Tax",98-765432|CUSTLEVELREG124|||,"CASTLE VALLEY",TAXABLE|DEFAULT||SINGLE_RATE|||||||F,,2023-07-14T00:00:00.000+00:00
XU071423CM01,,"VERTEX US TAX",COUNTY,STD,CO-VTL-100250000,-10,1,-1000,N,,"SELLER_USE|Local Sales and Use Tax (Discretionary Sales Surtax)|General Sales and Use Tax",98-765432|CUSTLEVELREG124|||,MIAMI-DADE,TAXABLE|DEFAULT||TIERED|||||||F,,2023-07-14T00:00:00.000+00:00
XU071423CM01,,"VERTEX US TAX",COUNTY,STD,CO-VTL-430370000,-22.5,2.25,-1000,N,,"SELLER_USE|Local Sales and Use Tax|General Sales and Use Tax",98-765432|CUSTLEVELREG124|||,DAVIDSON,TAXABLE|DEFAULT||TIERED|||||||F,,2023-07-14T00:00:00.000+00:00
XU071423CM01,,"VERTEX US TAX",COUNTY,STD,CO-VTL-450190000,-10,1,-1000,N,,"SELLER_USE|Local Sales and Use Tax|General Sales and Use Tax",98-765432|CUSTLEVELREG124|||,GRAND,TAXABLE|DEFAULT||SINGLE_RATE|||||||F,,2023-07-14T00:00:00.000+00:00
XU071423CM01,,"VERTEX US TAX",SALES_TAX_DISTRICT_1,STD,DI-VTL-79774,-3.75,0.375,-1000,N,,"SELLER_USE|Metropolitan Commuter Transportation District|General Sales and Use Tax",98-765432|SiteRegLevel123|||,"METROPOLITAN COMMUTER TRANSPORTATION DISTRICT",TAXABLE|DEFAULT||SINGLE_RATE|||||||F,,2023-07-14T00:00:00.000+00:00
XU071423CM01,,"VERTEX US TAX",STATE,STD,ST-VTL-100000000,-60,6,-1000,N,,"SELLER_USE|Sales and Use Tax|General Sales and Use Tax",|SiteRegLevel123|||,FLORIDA,TAXABLE|DEFAULT||SINGLE_RATE|||||||F,,2023-07-14T00:00:00.000+00:00
XU071423CM01,,"VERTEX US TAX",STATE,STD,ST-VTL-330000000,-40,4,-1000,N,,"SELLER_USE|Sales and Compensating Use Tax|General Sales and Use Tax",|CUSTLEVELREG124|||,"NEW YORK",TAXABLE|DEFAULT||SINGLE_RATE|||||||F,,2023-07-14T00:00:00.000+00:00
XU071423CM01,,"VERTEX US TAX",STATE,STD,ST-VTL-430000000,-70,7,-1000,N,,"SELLER_USE|Sales and Use Tax|General Sales and Use Tax",|SiteRegLevel123|||,TENNESSEE,TAXABLE|DEFAULT||SINGLE_RATE|||||||F,,2023-07-14T00:00:00.000+00:00
XU071423CM01,,"VERTEX US TAX",STATE,STD,ST-VTL-450000000,-48.5,4.85,-1000,N,,"SELLER_USE|Sales and Use Tax|General Sales and Use Tax",|SiteRegLevel123|||,UTAH,TAXABLE|DEFAULT||SINGLE_RATE|||||||F,,2023-07-14T00:00:00.000+00:00
XU071423CM02,,"VERTEX US TAX",CITY,STD,CI-VTL-330612010,-45,4.5,-1000,N,,"SELLER_USE|Local Sales and Use Tax|General Sales and Use Tax",98-765432|SiteRegLevel123|||,"NEW YORK",TAXABLE|DEFAULT||SINGLE_RATE|||||||F,,2023-07-14T00:00:00.000+00:00
XU071423CM02,,"VERTEX US TAX",SALES_TAX_DISTRICT_1,STD,DI-VTL-79774,-3.75,0.375,-1000,N,,"SELLER_USE|Metropolitan Commuter Transportation District|General Sales and Use Tax",98-765432|SiteRegLevel123|||,"METROPOLITAN COMMUTER TRANSPORTATION DISTRICT",TAXABLE|DEFAULT||SINGLE_RATE|||||||F,,2023-07-14T00:00:00.000+00:00
XU071423CM02,,"VERTEX US TAX",STATE,STD,ST-VTL-330000000,-40,4,-1000,N,,"SELLER_USE|Sales and Compensating Use Tax|General Sales and Use Tax",|CUSTLEVELREG124|||,"NEW YORK",TAXABLE|DEFAULT||SINGLE_RATE|||||||F,,2023-07-14T00:00:00.000+00:00
XU071423CM03,,"VERTEX US TAX",COUNTY,STD,CO-VTL-430370000,-36,2.25,-1600,N,,"SELLER_USE|Local Sales and Use Tax|General Sales and Use Tax",98-765432|CUSTLEVELREG124|||,DAVIDSON,TAXABLE|DEFAULT||TIERED|||||||F,,2023-07-14T00:00:00.000+00:00
XU071423CM03,,"VERTEX US TAX",STATE,STD,ST-VTL-430000000,-700,7,-10000,N,,"SELLER_USE|Sales and Use Tax|General Sales and Use Tax",|SiteRegLevel123|||,TENNESSEE,TAXABLE|DEFAULT||SINGLE_RATE|||||||F,,2023-07-14T00:00:00.000+00:00
XU071423CM04,,"VERTEX US TAX",COUNTY,STD,CO-VTL-430370000,-36,2.25,-1600,N,,"SELLER_USE|Local Sales and Use Tax|General Sales and Use Tax",98-765432|CUSTLEVELREG124|||,DAVIDSON,TAXABLE|DEFAULT||TIERED|||||||F,,2023-07-14T00:00:00.000+00:00
XU071423CM04,,"VERTEX US TAX",STATE,STD,ST-VTL-430000000,-651.85,7,-9312.15,N,,"SELLER_USE|Sales and Use Tax|General Sales and Use Tax",|SiteRegLevel123|||,TENNESSEE,TAXABLE|DEFAULT||SINGLE_RATE|||||||F,,2023-07-14T00:00:00.000+00:00
XU071423CM05,,"VERTEX US TAX",CITY,STD,CI-VTL-330612010,-90,4.5,-2000,N,,"SELLER_USE|Local Sales and Use Tax|General Sales and Use Tax",98-765432|SiteRegLevel123|||,"NEW YORK",TAXABLE|DEFAULT||SINGLE_RATE|||||||F,,2023-07-14T00:00:00.000+00:00
XU071423CM05,,"VERTEX US TAX",CITY,STD,CI-VTL-330612010,-90,4.5,-2000,N,,"SELLER_USE|Local Sales and Use Tax|General Sales and Use Tax",98-765432|SiteRegLevel123|||,"NEW YORK",TAXABLE|DEFAULT||SINGLE_RATE|||||||F,,2023-07-14T00:00:00.000+00:00
XU071423CM05,,"VERTEX US TAX",CITY,STD,CI-VTL-330612010,-90,4.5,-2000,N,,"SELLER_USE|Local Sales and Use Tax|General Sales and Use Tax",98-765432|SiteRegLevel123|||,"NEW YORK",TAXABLE|DEFAULT||SINGLE_RATE|||||||F,,2023-07-14T00:00:00.000+00:00
XU071423CM05,,"VERTEX US TAX",CITY,STD,CI-VTL-330612010,-45,4.5,-1000,N,,"SELLER_USE|Local Sales and Use Tax|General Sales and Use Tax",98-765432|SiteRegLevel123|||,"NEW YORK",TAXABLE|DEFAULT||SINGLE_RATE|||||||F,,2023-07-14T00:00:00.000+00:00
XU071423CM05,,"VERTEX US TAX",SALES_TAX_DISTRICT_1,STD,DI-VTL-79774,-7.5,0.375,-2000,N,,"SELLER_USE|Metropolitan Commuter Transportation District|General Sales and Use Tax",98-765432|SiteRegLevel123|||,"METROPOLITAN COMMUTER TRANSPORTATION DISTRICT",TAXABLE|DEFAULT||SINGLE_RATE|||||||F,,2023-07-14T00:00:00.000+00:00
XU071423CM05,,"VERTEX US TAX",SALES_TAX_DISTRICT_1,STD,DI-VTL-79774,-7.5,0.375,-2000,N,,"SELLER_USE|Metropolitan Commuter Transportation District|General Sales and Use Tax",98-765432|SiteRegLevel123|||,"METROPOLITAN COMMUTER TRANSPORTATION DISTRICT",TAXABLE|DEFAULT||SINGLE_RATE|||||||F,,2023-07-14T00:00:00.000+00:00
XU071423CM05,,"VERTEX US TAX",SALES_TAX_DISTRICT_1,STD,DI-VTL-79774,-7.5,0.375,-2000,N,,"SELLER_USE|Metropolitan Commuter Transportation District|General Sales and Use Tax",98-765432|SiteRegLevel123|||,"METROPOLITAN COMMUTER TRANSPORTATION DISTRICT",TAXABLE|DEFAULT||SINGLE_RATE|||||||F,,2023-07-14T00:00:00.000+00:00
XU071423CM05,,"VERTEX US TAX",SALES_TAX_DISTRICT_1,STD,DI-VTL-79774,-3.75,0.375,-1000,N,,"SELLER_USE|Metropolitan Commuter Transportation District|General Sales and Use Tax",98-765432|SiteRegLevel123|||,"METROPOLITAN COMMUTER TRANSPORTATION DISTRICT",TAXABLE|DEFAULT||SINGLE_RATE|||||||F,,2023-07-14T00:00:00.000+00:00
XU071423CM05,,"VERTEX US TAX",STATE,STD,ST-VTL-330000000,-80,4,-2000,N,,"SELLER_USE|Sales and Compensating Use Tax|General Sales and Use Tax",|CUSTLEVELREG124|||,"NEW YORK",TAXABLE|DEFAULT||SINGLE_RATE|||||||F,,2023-07-14T00:00:00.000+00:00
XU071423CM05,,"VERTEX US TAX",STATE,STD,ST-VTL-330000000,-80,4,-2000,N,,"SELLER_USE|Sales and Compensating Use Tax|General Sales and Use Tax",|CUSTLEVELREG124|||,"NEW YORK",TAXABLE|DEFAULT||SINGLE_RATE|||||||F,,2023-07-14T00:00:00.000+00:00
XU071423CM05,,"VERTEX US TAX",STATE,STD,ST-VTL-330000000,-80,4,-2000,N,,"SELLER_USE|Sales and Compensating Use Tax|General Sales and Use Tax",|CUSTLEVELREG124|||,"NEW YORK",TAXABLE|DEFAULT||SINGLE_RATE|||||||F,,2023-07-14T00:00:00.000+00:00
XU071423CM05,,"VERTEX US TAX",STATE,STD,ST-VTL-330000000,-40,4,-1000,N,,"SELLER_USE|Sales and Compensating Use Tax|General Sales and Use Tax",|CUSTLEVELREG124|||,"NEW YORK",TAXABLE|DEFAULT||SINGLE_RATE|||||||F,,2023-07-14T00:00:00.000+00:00
XU071423CM06,,"VERTEX US TAX",CITY,STD,CI-VTL-450190014,-10,1,-1000,N,,"SELLER_USE|Local Sales and Use Tax|General Sales and Use Tax",98-765432|CUSTLEVELREG124|||,"CASTLE VALLEY",TAXABLE|DEFAULT||SINGLE_RATE|||||||F,,2023-07-14T00:00:00.000+00:00
XU071423CM06,,"VERTEX US TAX",CITY,STD,CI-VTL-450190014,-10,1,-1000,N,,"SELLER_USE|Local Sales and Use Tax|General Sales and Use Tax",98-765432|CUSTLEVELREG124|||,"CASTLE VALLEY",TAXABLE|DEFAULT||SINGLE_RATE|||||||F,,2023-07-14T00:00:00.000+00:00
XU071423CM06,,"VERTEX US TAX",CITY,STD,CI-VTL-450190014,-10,1,-1000,N,,"SELLER_USE|Local Sales and Use Tax|General Sales and Use Tax",98-765432|CUSTLEVELREG124|||,"CASTLE VALLEY",TAXABLE|DEFAULT||SINGLE_RATE|||||||F,,2023-07-14T00:00:00.000+00:00
XU071423CM06,,"VERTEX US TAX",CITY,STD,CI-VTL-450190014,-10,1,-1000,N,,"SELLER_USE|Local Sales and Use Tax|General Sales and Use Tax",98-765432|CUSTLEVELREG124|||,"CASTLE VALLEY",TAXABLE|DEFAULT||SINGLE_RATE|||||||F,,2023-07-14T00:00:00.000+00:00
XU071423CM06,,"VERTEX US TAX",COUNTY,STD,CO-VTL-450190000,-10,1,-1000,N,,"SELLER_USE|Local Sales and Use Tax|General Sales and Use Tax",98-765432|CUSTLEVELREG124|||,GRAND,TAXABLE|DEFAULT||SINGLE_RATE|||||||F,,2023-07-14T00:00:00.000+00:00
XU071423CM06,,"VERTEX US TAX",COUNTY,STD,CO-VTL-450190000,-10,1,-1000,N,,"SELLER_USE|Local Sales and Use Tax|General Sales and Use Tax",98-765432|CUSTLEVELREG124|||,GRAND,TAXABLE|DEFAULT||SINGLE_RATE|||||||F,,2023-07-14T00:00:00.000+00:00
XU071423CM06,,"VERTEX US TAX",COUNTY,STD,CO-VTL-450190000,-10,1,-1000,N,,"SELLER_USE|Local Sales and Use Tax|General Sales and Use Tax",98-765432|CUSTLEVELREG124|||,GRAND,TAXABLE|DEFAULT||SINGLE_RATE|||||||F,,2023-07-14T00:00:00.000+00:00
XU071423CM06,,"VERTEX US TAX",COUNTY,STD,CO-VTL-450190000,-10,1,-1000,N,,"SELLER_USE|Local Sales and Use Tax|General Sales and Use Tax",98-765432|CUSTLEVELREG124|||,GRAND,TAXABLE|DEFAULT||SINGLE_RATE|||||||F,,2023-07-14T00:00:00.000+00:00
XU071423CM06,,"VERTEX US TAX",STATE,STD,ST-VTL-450000000,-48.5,4.85,-1000,N,,"SELLER_USE|Sales and Use Tax|General Sales and Use Tax",|SiteRegLevel123|||,UTAH,TAXABLE|DEFAULT||SINGLE_RATE|||||||F,,2023-07-14T00:00:00.000+00:00
XU071423CM06,,"VERTEX US TAX",STATE,STD,ST-VTL-450000000,-48.5,4.85,-1000,N,,"SELLER_USE|Sales and Use Tax|General Sales and Use Tax",|SiteRegLevel123|||,UTAH,TAXABLE|DEFAULT||SINGLE_RATE|||||||F,,2023-07-14T00:00:00.000+00:00
XU071423CM06,,"VERTEX US TAX",STATE,STD,ST-VTL-450000000,-48.5,4.85,-1000,N,,"SELLER_USE|Sales and Use Tax|General Sales and Use Tax",|SiteRegLevel123|||,UTAH,TAXABLE|DEFAULT||SINGLE_RATE|||||||F,,2023-07-14T00:00:00.000+00:00
XU071423CM06,,"VERTEX US TAX",STATE,STD,ST-VTL-450000000,-48.5,4.85,-1000,N,,"SELLER_USE|Sales and Use Tax|General Sales and Use Tax",|SiteRegLevel123|||,UTAH,TAXABLE|DEFAULT||SINGLE_RATE|||||||F,,2023-07-14T00:00:00.000+00:00
XU071423CM07,,"VERTEX US TAX",CITY,STD,CI-VTL-450190014,-100,1,-10000,N,,"SELLER_USE|Local Sales and Use Tax|General Sales and Use Tax",98-765432|CUSTLEVELREG124|||,"CASTLE VALLEY",TAXABLE|DEFAULT||SINGLE_RATE|||||||F,,2023-07-14T00:00:00.000+00:00
XU071423CM07,,"VERTEX US TAX",CITY,STD,CI-VTL-450190014,-100,1,-10000,N,,"SELLER_USE|Local Sales and Use Tax|General Sales and Use Tax",98-765432|CUSTLEVELREG124|||,"CASTLE VALLEY",TAXABLE|DEFAULT||SINGLE_RATE|||||||F,,2023-07-14T00:00:00.000+00:00
XU071423CM07,,"VERTEX US TAX",CITY,STD,CI-VTL-450190014,-100,1,-10000,N,,"SELLER_USE|Local Sales and Use Tax|General Sales and Use Tax",98-765432|CUSTLEVELREG124|||,"CASTLE VALLEY",TAXABLE|DEFAULT||SINGLE_RATE|||||||F,,2023-07-14T00:00:00.000+00:00
XU071423CM07,,"VERTEX US TAX",CITY,STD,CI-VTL-450190014,-100,1,-10000,N,,"SELLER_USE|Local Sales and Use Tax|General Sales and Use Tax",98-765432|CUSTLEVELREG124|||,"CASTLE VALLEY",TAXABLE|DEFAULT||SINGLE_RATE|||||||F,,2023-07-14T00:00:00.000+00:00
XU071423CM07,,"VERTEX US TAX",COUNTY,STD,CO-VTL-450190000,-100,1,-10000,N,,"SELLER_USE|Local Sales and Use Tax|General Sales and Use Tax",98-765432|CUSTLEVELREG124|||,GRAND,TAXABLE|DEFAULT||SINGLE_RATE|||||||F,,2023-07-14T00:00:00.000+00:00
XU071423CM07,,"VERTEX US TAX",COUNTY,STD,CO-VTL-450190000,-100,1,-10000,N,,"SELLER_USE|Local Sales and Use Tax|General Sales and Use Tax",98-765432|CUSTLEVELREG124|||,GRAND,TAXABLE|DEFAULT||SINGLE_RATE|||||||F,,2023-07-14T00:00:00.000+00:00
XU071423CM07,,"VERTEX US TAX",COUNTY,STD,CO-VTL-450190000,-100,1,-10000,N,,"SELLER_USE|Local Sales and Use Tax|General Sales and Use Tax",98-765432|CUSTLEVELREG124|||,GRAND,TAXABLE|DEFAULT||SINGLE_RATE|||||||F,,2023-07-14T00:00:00.000+00:00
XU071423CM07,,"VERTEX US TAX",COUNTY,STD,CO-VTL-450190000,-100,1,-10000,N,,"SELLER_USE|Local Sales and Use Tax|General Sales and Use Tax",98-765432|CUSTLEVELREG124|||,GRAND,TAXABLE|DEFAULT||SINGLE_RATE|||||||F,,2023-07-14T00:00:00.000+00:00
XU071423CM07,,"VERTEX US TAX",STATE,STD,ST-VTL-450000000,-485,4.85,-10000,N,,"SELLER_USE|Sales and Use Tax|General Sales and Use Tax",|SiteRegLevel123|||,UTAH,TAXABLE|DEFAULT||SINGLE_RATE|||||||F,,2023-07-14T00:00:00.000+00:00
XU071423CM07,,"VERTEX US TAX",STATE,STD,ST-VTL-450000000,-485,4.85,-10000,N,,"SELLER_USE|Sales and Use Tax|General Sales and Use Tax",|SiteRegLevel123|||,UTAH,TAXABLE|DEFAULT||SINGLE_RATE|||||||F,,2023-07-14T00:00:00.000+00:00
XU071423CM07,,"VERTEX US TAX",STATE,STD,ST-VTL-450000000,-485,4.85,-10000,N,,"SELLER_USE|Sales and Use Tax|General Sales and Use Tax",|SiteRegLevel123|||,UTAH,TAXABLE|DEFAULT||SINGLE_RATE|||||||F,,2023-07-14T00:00:00.000+00:00
XU071423CM07,,"VERTEX US TAX",STATE,STD,ST-VTL-450000000,-485,4.85,-10000,N,,"SELLER_USE|Sales and Use Tax|General Sales and Use Tax",|SiteRegLevel123|||,UTAH,TAXABLE|DEFAULT||SINGLE_RATE|||||||F,,2023-07-14T00:00:00.000+00:00
XU071423CM08,,"VERTEX US TAX",CITY,STD,CI-VTL-330612010,-45,4.5,-1000,N,,"SELLER_USE|Local Sales and Use Tax|General Sales and Use Tax",98-765432|SiteRegLevel123|||,"NEW YORK",TAXABLE|DEFAULT||SINGLE_RATE|||||||F,,2023-07-14T00:00:00.000+00:00
XU071423CM08,,"VERTEX US TAX",CITY,STD,CI-VTL-450190014,-10,1,-1000,N,,"SELLER_USE|Local Sales and Use Tax|General Sales and Use Tax",98-765432|CUSTLEVELREG124|||,"CASTLE VALLEY",TAXABLE|DEFAULT||SINGLE_RATE|||||||F,,2023-07-14T00:00:00.000+00:00
XU071423CM08,,"VERTEX US TAX",COUNTY,STD,CO-VTL-100250000,-10,1,-1000,N,,"SELLER_USE|Local Sales and Use Tax (Discretionary Sales Surtax)|General Sales and Use Tax",98-765432|CUSTLEVELREG124|||,MIAMI-DADE,TAXABLE|DEFAULT||TIERED|||||||F,,2023-07-14T00:00:00.000+00:00
XU071423CM08,,"VERTEX US TAX",COUNTY,STD,CO-VTL-430370000,-22.5,2.25,-1000,N,,"SELLER_USE|Local Sales and Use Tax|General Sales and Use Tax",98-765432|CUSTLEVELREG124|||,DAVIDSON,TAXABLE|DEFAULT||TIERED|||||||F,,2023-07-14T00:00:00.000+00:00
XU071423CM08,,"VERTEX US TAX",COUNTY,STD,CO-VTL-450190000,-10,1,-1000,N,,"SELLER_USE|Local Sales and Use Tax|General Sales and Use Tax",98-765432|CUSTLEVELREG124|||,GRAND,TAXABLE|DEFAULT||SINGLE_RATE|||||||F,,2023-07-14T00:00:00.000+00:00
XU071423CM08,,"VERTEX US TAX",SALES_TAX_DISTRICT_1,STD,DI-VTL-79774,-3.75,0.375,-1000,N,,"SELLER_USE|Metropolitan Commuter Transportation District|General Sales and Use Tax",98-765432|SiteRegLevel123|||,"METROPOLITAN COMMUTER TRANSPORTATION DISTRICT",TAXABLE|DEFAULT||SINGLE_RATE|||||||F,,2023-07-14T00:00:00.000+00:00
XU071423CM08,,"VERTEX US TAX",STATE,STD,ST-VTL-100000000,-60,6,-1000,N,,"SELLER_USE|Sales and Use Tax|General Sales and Use Tax",|SiteRegLevel123|||,FLORIDA,TAXABLE|DEFAULT||SINGLE_RATE|||||||F,,2023-07-14T00:00:00.000+00:00
XU071423CM08,,"VERTEX US TAX",STATE,STD,ST-VTL-330000000,-40,4,-1000,N,,"SELLER_USE|Sales and Compensating Use Tax|General Sales and Use Tax",|CUSTLEVELREG124|||,"NEW YORK",TAXABLE|DEFAULT||SINGLE_RATE|||||||F,,2023-07-14T00:00:00.000+00:00
XU071423CM08,,"VERTEX US TAX",STATE,STD,ST-VTL-430000000,-70,7,-1000,N,,"SELLER_USE|Sales and Use Tax|General Sales and Use Tax",|SiteRegLevel123|||,TENNESSEE,TAXABLE|DEFAULT||SINGLE_RATE|||||||F,,2023-07-14T00:00:00.000+00:00
XU071423CM08,,"VERTEX US TAX",STATE,STD,ST-VTL-450000000,-48.5,4.85,-1000,N,,"SELLER_USE|Sales and Use Tax|General Sales and Use Tax",|SiteRegLevel123|||,UTAH,TAXABLE|DEFAULT||SINGLE_RATE|||||||F,,2023-07-14T00:00:00.000+00:00
XU071423CM09,,"VERTEX US TAX",CITY,STD,CI-VTL-330612010,-413.33,4.5,-9184.84,N,,"SELLER_USE|Local Sales and Use Tax|General Sales and Use Tax",98-765432|SiteRegLevel123|||,"NEW YORK",TAXABLE|DEFAULT||SINGLE_RATE|||||||F,,2023-07-14T00:00:00.000+00:00
XU071423CM09,,"VERTEX US TAX",SALES_TAX_DISTRICT_1,STD,DI-VTL-79774,-34.44,0.375,-9184.84,N,,"SELLER_USE|Metropolitan Commuter Transportation District|General Sales and Use Tax",98-765432|SiteRegLevel123|||,"METROPOLITAN COMMUTER TRANSPORTATION DISTRICT",TAXABLE|DEFAULT||SINGLE_RATE|||||||F,,2023-07-14T00:00:00.000+00:00
XU071423CM09,,"VERTEX US TAX",STATE,STD,ST-VTL-330000000,-367.39,4,-9184.84,N,,"SELLER_USE|Sales and Compensating Use Tax|General Sales and Use Tax",|CUSTLEVELREG124|||,"NEW YORK",TAXABLE|DEFAULT||SINGLE_RATE|||||||F,,2023-07-14T00:00:00.000+00:00
XU071423CM10,,"VERTEX US TAX",CITY,STD,CI-VTL-330612010,-90,4.5,-2000,N,,"SELLER_USE|Local Sales and Use Tax|General Sales and Use Tax",98-765432|SiteRegLevel123|||,"NEW YORK",TAXABLE|DEFAULT||SINGLE_RATE|||||||F,,2023-07-14T00:00:00.000+00:00
XU071423CM10,,"VERTEX US TAX",CITY,STD,CI-VTL-330612010,-90,4.5,-2000,N,,"SELLER_USE|Local Sales and Use Tax|General Sales and Use Tax",98-765432|SiteRegLevel123|||,"NEW YORK",TAXABLE|DEFAULT||SINGLE_RATE|||||||F,,2023-07-14T00:00:00.000+00:00
XU071423CM10,,"VERTEX US TAX",CITY,STD,CI-VTL-330612010,-90,4.5,-2000,N,,"SELLER_USE|Local Sales and Use Tax|General Sales and Use Tax",98-765432|SiteRegLevel123|||,"NEW YORK",TAXABLE|DEFAULT||SINGLE_RATE|||||||F,,2023-07-14T00:00:00.000+00:00
XU071423CM10,,"VERTEX US TAX",CITY,STD,CI-VTL-330612010,-45,4.5,-1000,N,,"SELLER_USE|Local Sales and Use Tax|General Sales and Use Tax",98-765432|SiteRegLevel123|||,"NEW YORK",TAXABLE|DEFAULT||SINGLE_RATE|||||||F,,2023-07-14T00:00:00.000+00:00
XU071423CM10,,"VERTEX US TAX",SALES_TAX_DISTRICT_1,STD,DI-VTL-79774,-7.5,0.375,-2000,N,,"SELLER_USE|Metropolitan Commuter Transportation District|General Sales and Use Tax",98-765432|SiteRegLevel123|||,"METROPOLITAN COMMUTER TRANSPORTATION DISTRICT",TAXABLE|DEFAULT||SINGLE_RATE|||||||F,,2023-07-14T00:00:00.000+00:00
XU071423CM10,,"VERTEX US TAX",SALES_TAX_DISTRICT_1,STD,DI-VTL-79774,-7.5,0.375,-2000,N,,"SELLER_USE|Metropolitan Commuter Transportation District|General Sales and Use Tax",98-765432|SiteRegLevel123|||,"METROPOLITAN COMMUTER TRANSPORTATION DISTRICT",TAXABLE|DEFAULT||SINGLE_RATE|||||||F,,2023-07-14T00:00:00.000+00:00
XU071423CM10,,"VERTEX US TAX",SALES_TAX_DISTRICT_1,STD,DI-VTL-79774,-7.5,0.375,-2000,N,,"SELLER_USE|Metropolitan Commuter Transportation District|General Sales and Use Tax",98-765432|SiteRegLevel123|||,"METROPOLITAN COMMUTER TRANSPORTATION DISTRICT",TAXABLE|DEFAULT||SINGLE_RATE|||||||F,,2023-07-14T00:00:00.000+00:00
XU071423CM10,,"VERTEX US TAX",SALES_TAX_DISTRICT_1,STD,DI-VTL-79774,-3.75,0.375,-1000,N,,"SELLER_USE|Metropolitan Commuter Transportation District|General Sales and Use Tax",98-765432|SiteRegLevel123|||,"METROPOLITAN COMMUTER TRANSPORTATION DISTRICT",TAXABLE|DEFAULT||SINGLE_RATE|||||||F,,2023-07-14T00:00:00.000+00:00
XU071423CM10,,"VERTEX US TAX",STATE,STD,ST-VTL-330000000,-80,4,-2000,N,,"SELLER_USE|Sales and Compensating Use Tax|General Sales and Use Tax",|CUSTLEVELREG124|||,"NEW YORK",TAXABLE|DEFAULT||SINGLE_RATE|||||||F,,2023-07-14T00:00:00.000+00:00
XU071423CM10,,"VERTEX US TAX",STATE,STD,ST-VTL-330000000,-80,4,-2000,N,,"SELLER_USE|Sales and Compensating Use Tax|General Sales and Use Tax",|CUSTLEVELREG124|||,"NEW YORK",TAXABLE|DEFAULT||SINGLE_RATE|||||||F,,2023-07-14T00:00:00.000+00:00
XU071423CM10,,"VERTEX US TAX",STATE,STD,ST-VTL-330000000,-80,4,-2000,N,,"SELLER_USE|Sales and Compensating Use Tax|General Sales and Use Tax",|CUSTLEVELREG124|||,"NEW YORK",TAXABLE|DEFAULT||SINGLE_RATE|||||||F,,2023-07-14T00:00:00.000+00:00
XU071423CM10,,"VERTEX US TAX",STATE,STD,ST-VTL-330000000,-40,4,-1000,N,,"SELLER_USE|Sales and Compensating Use Tax|General Sales and Use Tax",|CUSTLEVELREG124|||,"NEW YORK",TAXABLE|DEFAULT||SINGLE_RATE|||||||F,,2023-07-14T00:00:00.000+00:00
XU071423CM11,,"VERTEX US TAX",CITY,STD,CI-VTL-330612010,-450,4.5,-10000,N,,"SELLER_USE|Local Sales and Use Tax|General Sales and Use Tax",98-765432|SiteRegLevel123|||,"NEW YORK",TAXABLE|DEFAULT||SINGLE_RATE|||||||F,,2023-07-14T00:00:00.000+00:00
XU071423CM11,,"VERTEX US TAX",SALES_TAX_DISTRICT_1,STD,DI-VTL-79774,-37.5,0.375,-10000,N,,"SELLER_USE|Metropolitan Commuter Transportation District|General Sales and Use Tax",98-765432|SiteRegLevel123|||,"METROPOLITAN COMMUTER TRANSPORTATION DISTRICT",TAXABLE|DEFAULT||SINGLE_RATE|||||||F,,2023-07-14T00:00:00.000+00:00
XU071423CM11,,"VERTEX US TAX",STATE,STD,ST-VTL-330000000,-400,4,-10000,N,,"SELLER_USE|Sales and Compensating Use Tax|General Sales and Use Tax",|CUSTLEVELREG124|||,"NEW YORK",TAXABLE|DEFAULT||SINGLE_RATE|||||||F,,2023-07-14T00:00:00.000+00:00
XU071423CM12,,"VERTEX US TAX",COUNTY,STD,CO-VTL-430370000,-36,2.25,-1600,N,,"SELLER_USE|Local Sales and Use Tax|General Sales and Use Tax",98-765432|CUSTLEVELREG124|||,DAVIDSON,TAXABLE|DEFAULT||TIERED|||||||F,,2023-07-14T00:00:00.000+00:00
XU071423CM12,,"VERTEX US TAX",STATE,STD,ST-VTL-430000000,-700,7,-10000,N,,"SELLER_USE|Sales and Use Tax|General Sales and Use Tax",|SiteRegLevel123|||,TENNESSEE,TAXABLE|DEFAULT||SINGLE_RATE|||||||F,,2023-07-14T00:00:00.000+00:00
XU071423CM13DEC,,"VERTEX US TAX",CITY,STD,CI-VTL-330612010,-2653.95,4.5,-58976.54,N,,"SELLER_USE|Local Sales and Use Tax|General Sales and Use Tax",98-765432|SiteRegLevel123|||,"NEW YORK",TAXABLE|DEFAULT||SINGLE_RATE|||||||F,,2023-07-14T00:00:00.000+00:00
XU071423CM13DEC,,"VERTEX US TAX",SALES_TAX_DISTRICT_1,STD,DI-VTL-79774,-221.16,0.375,-58976.54,N,,"SELLER_USE|Metropolitan Commuter Transportation District|General Sales and Use Tax",98-765432|SiteRegLevel123|||,"METROPOLITAN COMMUTER TRANSPORTATION DISTRICT",TAXABLE|DEFAULT||SINGLE_RATE|||||||F,,2023-07-14T00:00:00.000+00:00
XU071423CM13DEC,,"VERTEX US TAX",STATE,STD,ST-VTL-330000000,-2359.06,4,-58976.54,N,,"SELLER_USE|Sales and Compensating Use Tax|General Sales and Use Tax",|CUSTLEVELREG124|||,"NEW YORK",TAXABLE|DEFAULT||SINGLE_RATE|||||||F,,2023-07-14T00:00:00.000+00:00
XU071423CM14DEC1,,"VERTEX US TAX",CITY,STD,CI-VTL-330612010,-2653.95,4.5,-58976.55,N,,"SELLER_USE|Local Sales and Use Tax|General Sales and Use Tax",98-765432|SiteRegLevel123|||,"NEW YORK",TAXABLE|DEFAULT||SINGLE_RATE|||||||F,,2023-07-14T00:00:00.000+00:00
XU071423CM14DEC1,,"VERTEX US TAX",SALES_TAX_DISTRICT_1,STD,DI-VTL-79774,-221.16,0.375,-58976.55,N,,"SELLER_USE|Metropolitan Commuter Transportation District|General Sales and Use Tax",98-765432|SiteRegLevel123|||,"METROPOLITAN COMMUTER TRANSPORTATION DISTRICT",TAXABLE|DEFAULT||SINGLE_RATE|||||||F,,2023-07-14T00:00:00.000+00:00
XU071423CM14DEC1,,"VERTEX US TAX",STATE,STD,ST-VTL-330000000,-2359.06,4,-58976.55,N,,"SELLER_USE|Sales and Compensating Use Tax|General Sales and Use Tax",|CUSTLEVELREG124|||,"NEW YORK",TAXABLE|DEFAULT||SINGLE_RATE|||||||F,,2023-07-14T00:00:00.000+00:00
XU071423CM15DEC2,,"VERTEX US TAX",CITY,STD,CI-VTL-330612010,-2653.95,4.5,-58976.55,N,,"SELLER_USE|Local Sales and Use Tax|General Sales and Use Tax",98-765432|SiteRegLevel123|||,"NEW YORK",TAXABLE|DEFAULT||SINGLE_RATE|||||||F,,2023-07-14T00:00:00.000+00:00
XU071423CM15DEC2,,"VERTEX US TAX",SALES_TAX_DISTRICT_1,STD,DI-VTL-79774,-221.16,0.375,-58976.55,N,,"SELLER_USE|Metropolitan Commuter Transportation District|General Sales and Use Tax",98-765432|SiteRegLevel123|||,"METROPOLITAN COMMUTER TRANSPORTATION DISTRICT",TAXABLE|DEFAULT||SINGLE_RATE|||||||F,,2023-07-14T00:00:00.000+00:00
XU071423CM15DEC2,,"VERTEX US TAX",STATE,STD,ST-VTL-330000000,-2359.06,4,-58976.55,N,,"SELLER_USE|Sales and Compensating Use Tax|General Sales and Use Tax",|CUSTLEVELREG124|||,"NEW YORK",TAXABLE|DEFAULT||SINGLE_RATE|||||||F,,2023-07-14T00:00:00.000+00:00
XU071423CM16CURR,,"VERTEX JP VAT","COUNTRY JP OUTPUT",VTX_JP_VAT_STD,VTX_JP_803920000,-100,10,-1000,N,,"VAT|National Consumption Tax|VAT",JP20180803|JP20190148|||,JAPAN,"TAXABLE|OGSTC|Standard Rate|SINGLE_RATE||21|||||F",,2023-07-14T00:00:00.000+00:00
