2000,1,ITEM,10000,2,5000,,PA,,,,,,,,,,,,,N,3211-20-60041-110-0000-0000,#NULL,2020/10/15,,,,,VTX_PA,,,,,,,,,,,,,,,,,#NULL,,,N,1,,,N,,,,,,,N,,,,,,,,,,,,,,,,,,,,,TEST090320.1,,,,,,,,,,,,,,,,,,,,,,,,,,,,,,,,,,,,,,,,,,,,,,,,,,,END
2001,1,ITEM,10000,2,5000,,PA,,,,,,,,,,,,,N,3211-20-60041-110-0000-0000,#NULL,2020/10/15,,,,,VTX_PA,,,,,,,,,,,,,,,,,#NULL,,,N,1,,,N,,,,,,,N,,,,,,,,,,,,,,,,,,,,,TEST090320.2,,,,,,,,,,,,,,,,,,,,,,,,,,,,,,,,,,,,,,,,,,,,,,,,,,,END
2100,1,ITEM,-10000,2,-5000,,PA,,,,,,,,,,,,,N,3211-20-60041-110-0000-0000,#NULL,2020/10/15,,,,,VTX_PA,,,,,,,,,,,,,,,,,#NULL,,,N,1,,,N,,,,,,,N,,,,,,,,,,,,,,,,,,,,,TEST090320.3,,,,,,,,,,,,,,,,,,,,,,,,,,,,,,,,,,,,,,,,,,,,,,,,,,,END
2101,1,ITEM,-10000,2,-5000,,PA,,,,,,,,,,,,,N,3211-20-60041-110-0000-0000,#NULL,2020/10/15,,,,,VTX_PA,,,,,,,,,,,,,,,,,#NULL,,,N,1,,,N,,,,,,,N,,,,,,,,,,,,,,,,,,,,,TEST090320.4,,,,,,,,,,,,,,,,,,,,,,,,,,,,,,,,,,,,,,,,,,,,,,,,,,,END
3000,1,ITEM,10000,2,5000,,PA,,,,,,,,,,,,,N,3211-20-60041-110-0000-0000,#NULL,2020/10/15,,,,,VTX_PA,,,,,,,,,,,,,,,,,#NULL,,,N,1,,,N,,,,,,,N,,,,,,,,,,,,,,,,,,,,,TEST090320.5,,,,,,,,,,,,,,,,,,,,,,,,,,,,,,,,,,,,,,,,,,,,,,,,,,,END
3001,1,ITEM,10000,2,5000,,PA,,,,,,,,,,,,,N,3211-20-60041-110-0000-0000,#NULL,2020/10/15,,,,,VTX_PA,,,,,,,,,,,,,,,,,#NULL,,,N,1,,,N,,,,,,,N,,,,,,,,,,,,,,,,,,,,,TEST090320.6,,,,,,,,,,,,,,,,,,,,,,,,,,,,,,,,,,,,,,,,,,,,,,,,,,,END
3100,1,ITEM,-10000,2,-5000,,PA,,,,,,,,,,,,,N,3211-20-60041-110-0000-0000,#NULL,2020/10/15,,,,,VTX_PA,,,,,,,,,,,,,,,,,#NULL,,,N,1,,,N,,,,,,,N,,,,,,,,,,,,,,,,,,,,,TEST090320.7,,,,,,,,,,,,,,,,,,,,,,,,,,,,,,,,,,,,,,,,,,,,,,,,,,,END
3101,1,ITEM,-10000,2,-5000,,PA,,,,,,,,,,,,,N,3211-20-60041-110-0000-0000,#NULL,2020/10/15,,,,,VTX_PA,,,,,,,,,,,,,,,,,#NULL,,,N,1,,,N,,,,,,,N,,,,,,,,,,,,,,,,,,,,,TEST090320.8,,,,,,,,,,,,,,,,,,,,,,,,,,,,,,,,,,,,,,,,,,,,,,,,,,,END
4000,1,ITEM,10000,2,5000,,NY,,,,,,,,,,,,,N,3211-20-60041-110-0000-0000,#NULL,2020/10/15,,,,,VTX_NY,,,,,,,,,,,,,,,,,#NULL,,,N,1,,,N,,,,,,,N,,,,,,,,,,,,,,,,,,,,,TEST090320.9,,,,,,,,,,,,,,,,,,,,,,,,,,,,,,,,,,,,,,,,,,,,,,,,,,,END
4000,2,TAX,888,,,,,,,,,,,,,,,,,,,,2020/10/15,,,,,,,,,,,,,,,,VERTEX COMMON TAX,VENDOR CHARGED TAX,STANDARD,VTX_VND_CHRD_TAX_JURCD,***VENDOR CHRG TAX RATECDP2P***,1,,,,,1,,,,,,,,,,,,,,,,,,,,,,,,,,,,,,,TEST090320.10,,,,,,,,,,,,,,,,,,,,,,,,,,,,,,,,,,,,,,,,,,,,,,,,,,,END
4001,1,ITEM,2500,2,1250,,PA,,,,,,,,,,,,,N,3211-20-60041-110-0000-0000,#NULL,2020/10/15,,,,,VTX_PA,,,,,,,,,,,,,,,,,#NULL,,,N,1,,,N,,,,,,,N,,,,,,,,,,,,,,,,,,,,,TEST090320.11,,,,,,,,,,,,,,,,,,,,,,,,,,,,,,,,,,,,,,,,,,,,,,,,,,,END
4001,2,ITEM,2500,2,1250,,NY,,,,,,,,,,,,,N,3211-20-60041-110-0000-0000,#NULL,2020/10/15,,,,,VTX_NY,,,,,,,,,,,,,,,,,#NULL,,,N,1,,,N,,,,,,,N,,,,,,,,,,,,,,,,,,,,,TEST090320.12,,,,,,,,,,,,,,,,,,,,,,,,,,,,,,,,,,,,,,,,,,,,,,,,,,,END
4001,3,ITEM,2500,2,1250,,FL,,,,,,,,,,,,,N,3211-20-60041-110-0000-0000,#NULL,2020/10/15,,,,,VTX_FL,,,,,,,,,,,,,,,,,#NULL,,,N,1,,,N,,,,,,,N,,,,,,,,,,,,,,,,,,,,,TEST090320.13,,,,,,,,,,,,,,,,,,,,,,,,,,,,,,,,,,,,,,,,,,,,,,,,,,,END
4001,4,ITEM,2500,2,1250,,TN,,,,,,,,,,,,,N,3211-20-60041-110-0000-0000,#NULL,2020/10/15,,,,,VTX_TN,,,,,,,,,,,,,,,,,#NULL,,,N,1,,,N,,,,,,,N,,,,,,,,,,,,,,,,,,,,,TEST090320.14,,,,,,,,,,,,,,,,,,,,,,,,,,,,,,,,,,,,,,,,,,,,,,,,,,,END
4001,5,TAX,778.13,,,,,,,,,,,,,,,,,,,,2020/10/15,,,,,,,,,,,,,,,,VERTEX COMMON TAX,VENDOR CHARGED TAX,STANDARD,VTX_VND_CHRD_TAX_JURCD,***VENDOR CHRG TAX RATECDP2P***,1,,,,,1,,,,,,,,,,,,,,,,,,,,,,,,,,,,,,,TEST090320.15,,,,,,,,,,,,,,,,,,,,,,,,,,,,,,,,,,,,,,,,,,,,,,,,,,,END
4100,1,ITEM,-10000,2,-5000,,NY,,,,,,,,,,,,,N,3211-20-60041-110-0000-0000,#NULL,2020/10/15,,,,,VTX_NY,,,,,,,,,,,,,,,,,#NULL,,,N,1,,,N,,,,,,,N,,,,,,,,,,,,,,,,,,,,,TEST090320.16,,,,,,,,,,,,,,,,,,,,,,,,,,,,,,,,,,,,,,,,,,,,,,,,,,,END
4100,2,TAX,-888,,,,,,,,,,,,,,,,,,,,2020/10/15,,,,,,,,,,,,,,,,VERTEX COMMON TAX,VENDOR CHARGED TAX,STANDARD,VTX_VND_CHRD_TAX_JURCD,***VENDOR CHRG TAX RATECDP2P***,1,,,,,1,,,,,,,,,,,,,,,,,,,,,,,,,,,,,,,TEST090320.17,,,,,,,,,,,,,,,,,,,,,,,,,,,,,,,,,,,,,,,,,,,,,,,,,,,END
4101,1,ITEM,-2500,2,-1250,,PA,,,,,,,,,,,,,N,3211-20-60041-110-0000-0000,#NULL,2020/10/15,,,,,VTX_PA,,,,,,,,,,,,,,,,,#NULL,,,N,1,,,N,,,,,,,N,,,,,,,,,,,,,,,,,,,,,TEST090320.18,,,,,,,,,,,,,,,,,,,,,,,,,,,,,,,,,,,,,,,,,,,,,,,,,,,END
4101,2,ITEM,-2500,2,-1250,,NY,,,,,,,,,,,,,N,3211-20-60041-110-0000-0000,#NULL,2020/10/15,,,,,VTX_NY,,,,,,,,,,,,,,,,,#NULL,,,N,1,,,N,,,,,,,N,,,,,,,,,,,,,,,,,,,,,TEST090320.19,,,,,,,,,,,,,,,,,,,,,,,,,,,,,,,,,,,,,,,,,,,,,,,,,,,END
4101,3,ITEM,-2500,2,-1250,,FL,,,,,,,,,,,,,N,3211-20-60041-110-0000-0000,#NULL,2020/10/15,,,,,VTX_FL,,,,,,,,,,,,,,,,,#NULL,,,N,1,,,N,,,,,,,N,,,,,,,,,,,,,,,,,,,,,TEST090320.20,,,,,,,,,,,,,,,,,,,,,,,,,,,,,,,,,,,,,,,,,,,,,,,,,,,END
4101,4,ITEM,-2500,2,-1250,,TN,,,,,,,,,,,,,N,3211-20-60041-110-0000-0000,#NULL,2020/10/15,,,,,VTX_TN,,,,,,,,,,,,,,,,,#NULL,,,N,1,,,N,,,,,,,N,,,,,,,,,,,,,,,,,,,,,TEST090320.21,,,,,,,,,,,,,,,,,,,,,,,,,,,,,,,,,,,,,,,,,,,,,,,,,,,END
4101,5,TAX,-778.13,,,,,,,,,,,,,,,,,,,,2020/10/15,,,,,,,,,,,,,,,,VERTEX COMMON TAX,VENDOR CHARGED TAX,STANDARD,VTX_VND_CHRD_TAX_JURCD,***VENDOR CHRG TAX RATECDP2P***,1,,,,,1,,,,,,,,,,,,,,,,,,,,,,,,,,,,,,,TEST090320.22,,,,,,,,,,,,,,,,,,,,,,,,,,,,,,,,,,,,,,,,,,,,,,,,,,,END
5000,1,ITEM,10000,2,5000,,NY,,,,,,,,,,,,,N,3211-20-60041-110-0000-0000,#NULL,2020/10/15,,,,,VTX_NY,,,,,,,,,,,,,,,,,#NULL,,,N,1,,,N,,,,,,,N,,,,,,,,,,,,,,,,,,,,,TEST090320.23,,,,,,,,,,,,,,,,,,,,,,,,,,,,,,,,,,,,,,,,,,,,,,,,,,,END
5001,1,ITEM,2500,2,1250,,PA,,,,,,,,,,,,,N,3211-20-60041-110-0000-0000,#NULL,2020/10/15,,,,,VTX_PA,,,,,,,,,,,,,,,,,#NULL,,,N,1,,,N,,,,,,,N,,,,,,,,,,,,,,,,,,,,,TEST090320.24,,,,,,,,,,,,,,,,,,,,,,,,,,,,,,,,,,,,,,,,,,,,,,,,,,,END
5001,2,ITEM,2500,2,1250,,NY,,,,,,,,,,,,,N,3211-20-60041-110-0000-0000,#NULL,2020/10/15,,,,,VTX_NY,,,,,,,,,,,,,,,,,#NULL,,,N,1,,,N,,,,,,,N,,,,,,,,,,,,,,,,,,,,,TEST090320.25,,,,,,,,,,,,,,,,,,,,,,,,,,,,,,,,,,,,,,,,,,,,,,,,,,,END
5001,3,ITEM,2500,2,1250,,CO,,,,,,,,,,,,,N,3211-20-60041-110-0000-0000,#NULL,2020/10/15,,,,,VTX_CO,,,,,,,,,,,,,,,,,#NULL,,,N,1,,,N,,,,,,,N,,,,,,,,,,,,,,,,,,,,,TEST090320.26,,,,,,,,,,,,,,,,,,,,,,,,,,,,,,,,,,,,,,,,,,,,,,,,,,,END
5001,4,ITEM,2500,2,1250,,TN,,,,,,,,,,,,,N,3211-20-60041-110-0000-0000,#NULL,2020/10/15,,,,,VTX_TN,,,,,,,,,,,,,,,,,#NULL,,,N,1,,,N,,,,,,,N,,,,,,,,,,,,,,,,,,,,,TEST090320.27,,,,,,,,,,,,,,,,,,,,,,,,,,,,,,,,,,,,,,,,,,,,,,,,,,,END
5100,1,ITEM,-10000,2,-5000,,NY,,,,,,,,,,,,,N,3211-20-60041-110-0000-0000,#NULL,2020/10/15,,,,,VTX_NY,,,,,,,,,,,,,,,,,#NULL,,,N,1,,,N,,,,,,,N,,,,,,,,,,,,,,,,,,,,,TEST090320.28,,,,,,,,,,,,,,,,,,,,,,,,,,,,,,,,,,,,,,,,,,,,,,,,,,,END
5101,1,ITEM,-2500,2,-1250,,PA,,,,,,,,,,,,,N,3211-20-60041-110-0000-0000,#NULL,2020/10/15,,,,,VTX_PA,,,,,,,,,,,,,,,,,#NULL,,,N,1,,,N,,,,,,,N,,,,,,,,,,,,,,,,,,,,,TEST090320.29,,,,,,,,,,,,,,,,,,,,,,,,,,,,,,,,,,,,,,,,,,,,,,,,,,,END
5101,2,ITEM,-2500,2,-1250,,NY,,,,,,,,,,,,,N,3211-20-60041-110-0000-0000,#NULL,2020/10/15,,,,,VTX_NY,,,,,,,,,,,,,,,,,#NULL,,,N,1,,,N,,,,,,,N,,,,,,,,,,,,,,,,,,,,,TEST090320.30,,,,,,,,,,,,,,,,,,,,,,,,,,,,,,,,,,,,,,,,,,,,,,,,,,,END
5101,3,ITEM,-2500,2,-1250,,CO,,,,,,,,,,,,,N,3211-20-60041-110-0000-0000,#NULL,2020/10/15,,,,,VTX_CO,,,,,,,,,,,,,,,,,#NULL,,,N,1,,,N,,,,,,,N,,,,,,,,,,,,,,,,,,,,,TEST090320.31,,,,,,,,,,,,,,,,,,,,,,,,,,,,,,,,,,,,,,,,,,,,,,,,,,,END
5101,4,ITEM,-2500,2,-1250,,TN,,,,,,,,,,,,,N,3211-20-60041-110-0000-0000,#NULL,2020/10/15,,,,,VTX_TN,,,,,,,,,,,,,,,,,#NULL,,,N,1,,,N,,,,,,,N,,,,,,,,,,,,,,,,,,,,,TEST090320.32,,,,,,,,,,,,,,,,,,,,,,,,,,,,,,,,,,,,,,,,,,,,,,,,,,,END
6000,1,ITEM,10000,2,5000,,NY,,,,,,,,,,,,,N,3211-20-60041-110-0000-0000,#NULL,2020/10/15,,,,,VTX_NY,,,,,,,,,,,,,,,,,#NULL,,,N,1,,,N,,,,,,,N,,,,,,,,,,,,,,,,,,,,,TEST090320.33,,,,,,,,,,,,,,,,,,,,,,,,,,,,,,,,,,,,,,,,,,,,,,,,,,,END
6000,2,TAX,300,,,,,,,,,,,,,,,,,,,,2020/10/15,,,,,,,,,,,,,,,,VERTEX COMMON TAX,VENDOR CHARGED TAX,STANDARD,VTX_VND_CHRD_TAX_JURCD,***VENDOR CHRG TAX RATECDP2P***,1,,,,,1,,,,,,,,,,,,,,,,,,,,,,,,,,,,,,,TEST090320.34,,,,,,,,,,,,,,,,,,,,,,,,,,,,,,,,,,,,,,,,,,,,,,,,,,,END
6001,1,ITEM,2500,2,1250,,PA,,,,,,,,,,,,,N,3211-20-60041-110-0000-0000,#NULL,2020/10/15,,,,,VTX_PA,,,,,,,,,,,,,,,,,#NULL,,,N,1,,,N,,,,,,,N,,,,,,,,,,,,,,,,,,,,,TEST090320.35,,,,,,,,,,,,,,,,,,,,,,,,,,,,,,,,,,,,,,,,,,,,,,,,,,,END
6001,2,ITEM,2500,2,1250,,NY,,,,,,,,,,,,,N,3211-20-60041-110-0000-0000,#NULL,2020/10/15,,,,,VTX_NY,,,,,,,,,,,,,,,,,#NULL,,,N,1,,,N,,,,,,,N,,,,,,,,,,,,,,,,,,,,,TEST090320.36,,,,,,,,,,,,,,,,,,,,,,,,,,,,,,,,,,,,,,,,,,,,,,,,,,,END
6001,3,ITEM,2500,2,1250,,FL,,,,,,,,,,,,,N,3211-20-60041-110-0000-0000,#NULL,2020/10/15,,,,,VTX_FL,,,,,,,,,,,,,,,,,#NULL,,,N,1,,,N,,,,,,,N,,,,,,,,,,,,,,,,,,,,,TEST090320.37,,,,,,,,,,,,,,,,,,,,,,,,,,,,,,,,,,,,,,,,,,,,,,,,,,,END
6001,4,ITEM,2500,2,1250,,TN,,,,,,,,,,,,,N,3211-20-60041-110-0000-0000,#NULL,2020/10/15,,,,,VTX_TN,,,,,,,,,,,,,,,,,#NULL,,,N,1,,,N,,,,,,,N,,,,,,,,,,,,,,,,,,,,,TEST090320.38,,,,,,,,,,,,,,,,,,,,,,,,,,,,,,,,,,,,,,,,,,,,,,,,,,,END
6001,5,TAX,300,,,,,,,,,,,,,,,,,,,,2020/10/15,,,,,,,,,,,,,,,,VERTEX COMMON TAX,VENDOR CHARGED TAX,STANDARD,VTX_VND_CHRD_TAX_JURCD,***VENDOR CHRG TAX RATECDP2P***,1,,,,,1,,,,,,,,,,,,,,,,,,,,,,,,,,,,,,,TEST090320.39,,,,,,,,,,,,,,,,,,,,,,,,,,,,,,,,,,,,,,,,,,,,,,,,,,,END
6100,1,ITEM,-10000,2,-5000,,NY,,,,,,,,,,,,,N,3211-20-60041-110-0000-0000,#NULL,2020/10/15,,,,,VTX_NY,,,,,,,,,,,,,,,,,#NULL,,,N,1,,,N,,,,,,,N,,,,,,,,,,,,,,,,,,,,,TEST090320.40,,,,,,,,,,,,,,,,,,,,,,,,,,,,,,,,,,,,,,,,,,,,,,,,,,,END
6100,2,TAX,-300,,,,,,,,,,,,,,,,,,,,2020/10/15,,,,,,,,,,,,,,,,VERTEX COMMON TAX,VENDOR CHARGED TAX,STANDARD,VTX_VND_CHRD_TAX_JURCD,***VENDOR CHRG TAX RATECDP2P***,1,,,,,1,,,,,,,,,,,,,,,,,,,,,,,,,,,,,,,TEST090320.41,,,,,,,,,,,,,,,,,,,,,,,,,,,,,,,,,,,,,,,,,,,,,,,,,,,END
6101,1,ITEM,-2500,2,-1250,,PA,,,,,,,,,,,,,N,3211-20-60041-110-0000-0000,#NULL,2020/10/15,,,,,VTX_PA,,,,,,,,,,,,,,,,,#NULL,,,N,1,,,N,,,,,,,N,,,,,,,,,,,,,,,,,,,,,TEST090320.42,,,,,,,,,,,,,,,,,,,,,,,,,,,,,,,,,,,,,,,,,,,,,,,,,,,END
6101,2,ITEM,-2500,2,-1250,,NY,,,,,,,,,,,,,N,3211-20-60041-110-0000-0000,#NULL,2020/10/15,,,,,VTX_NY,,,,,,,,,,,,,,,,,#NULL,,,N,1,,,N,,,,,,,N,,,,,,,,,,,,,,,,,,,,,TEST090320.43,,,,,,,,,,,,,,,,,,,,,,,,,,,,,,,,,,,,,,,,,,,,,,,,,,,END
6101,3,ITEM,-2500,2,-1250,,FL,,,,,,,,,,,,,N,3211-20-60041-110-0000-0000,#NULL,2020/10/15,,,,,VTX_FL,,,,,,,,,,,,,,,,,#NULL,,,N,1,,,N,,,,,,,N,,,,,,,,,,,,,,,,,,,,,TEST090320.44,,,,,,,,,,,,,,,,,,,,,,,,,,,,,,,,,,,,,,,,,,,,,,,,,,,END
6101,4,ITEM,-2500,2,-1250,,TN,,,,,,,,,,,,,N,3211-20-60041-110-0000-0000,#NULL,2020/10/15,,,,,VTX_TN,,,,,,,,,,,,,,,,,#NULL,,,N,1,,,N,,,,,,,N,,,,,,,,,,,,,,,,,,,,,TEST090320.45,,,,,,,,,,,,,,,,,,,,,,,,,,,,,,,,,,,,,,,,,,,,,,,,,,,END
6101,5,TAX,-300,,,,,,,,,,,,,,,,,,,,2020/10/15,,,,,,,,,,,,,,,,VERTEX COMMON TAX,VENDOR CHARGED TAX,STANDARD,VTX_VND_CHRD_TAX_JURCD,***VENDOR CHRG TAX RATECDP2P***,1,,,,,1,,,,,,,,,,,,,,,,,,,,,,,,,,,,,,,TEST090320.46,,,,,,,,,,,,,,,,,,,,,,,,,,,,,,,,,,,,,,,,,,,,,,,,,,,END
7000,1,ITEM,10000,2,5000,,NY,,,,,,,,,,,,,N,3211-20-60041-110-0000-0000,#NULL,2020/10/15,,,,,VTX_NY,,,,,,,,,,,,,,,,,#NULL,,,N,1,,,N,,,,,,,N,,,,,,,,,,,,,,,,,,,,,TEST090320.47,,,,,,,,,,,,,,,,,,,,,,,,,,,,,,,,,,,,,,,,,,,,,,,,,,,END
7000,2,TAX,1000,,,,,,,,,,,,,,,,,,,,2020/10/15,,,,,,,,,,,,,,,,VERTEX COMMON TAX,VENDOR CHARGED TAX,STANDARD,VTX_VND_CHRD_TAX_JURCD,***VENDOR CHRG TAX RATECDP2P***,1,,,,,1,,,,,,,,,,,,,,,,,,,,,,,,,,,,,,,TEST090320.48,,,,,,,,,,,,,,,,,,,,,,,,,,,,,,,,,,,,,,,,,,,,,,,,,,,END
7001,1,ITEM,2500,2,1250,,PA,,,,,,,,,,,,,N,3211-20-60041-110-0000-0000,#NULL,2020/10/15,,,,,VTX_PA,,,,,,,,,,,,,,,,,#NULL,,,N,1,,,N,,,,,,,N,,,,,,,,,,,,,,,,,,,,,TEST090320.49,,,,,,,,,,,,,,,,,,,,,,,,,,,,,,,,,,,,,,,,,,,,,,,,,,,END
7001,2,ITEM,2500,2,1250,,NY,,,,,,,,,,,,,N,3211-20-60041-110-0000-0000,#NULL,2020/10/15,,,,,VTX_NY,,,,,,,,,,,,,,,,,#NULL,,,N,1,,,N,,,,,,,N,,,,,,,,,,,,,,,,,,,,,TEST090320.50,,,,,,,,,,,,,,,,,,,,,,,,,,,,,,,,,,,,,,,,,,,,,,,,,,,END
7001,3,ITEM,2500,2,1250,,FL,,,,,,,,,,,,,N,3211-20-60041-110-0000-0000,#NULL,2020/10/15,,,,,VTX_FL,,,,,,,,,,,,,,,,,#NULL,,,N,1,,,N,,,,,,,N,,,,,,,,,,,,,,,,,,,,,TEST090320.51,,,,,,,,,,,,,,,,,,,,,,,,,,,,,,,,,,,,,,,,,,,,,,,,,,,END
7001,4,ITEM,2500,2,1250,,TN,,,,,,,,,,,,,N,3211-20-60041-110-0000-0000,#NULL,2020/10/15,,,,,VTX_TN,,,,,,,,,,,,,,,,,#NULL,,,N,1,,,N,,,,,,,N,,,,,,,,,,,,,,,,,,,,,TEST090320.52,,,,,,,,,,,,,,,,,,,,,,,,,,,,,,,,,,,,,,,,,,,,,,,,,,,END
7001,5,TAX,1000,,,,,,,,,,,,,,,,,,,,2020/10/15,,,,,,,,,,,,,,,,VERTEX COMMON TAX,VENDOR CHARGED TAX,STANDARD,VTX_VND_CHRD_TAX_JURCD,***VENDOR CHRG TAX RATECDP2P***,1,,,,,1,,,,,,,,,,,,,,,,,,,,,,,,,,,,,,,TEST090320.53,,,,,,,,,,,,,,,,,,,,,,,,,,,,,,,,,,,,,,,,,,,,,,,,,,,END
7100,1,ITEM,-10000,2,-5000,,NY,,,,,,,,,,,,,N,3211-20-60041-110-0000-0000,#NULL,2020/10/15,,,,,VTX_NY,,,,,,,,,,,,,,,,,#NULL,,,N,1,,,N,,,,,,,N,,,,,,,,,,,,,,,,,,,,,TEST090320.54,,,,,,,,,,,,,,,,,,,,,,,,,,,,,,,,,,,,,,,,,,,,,,,,,,,END
7100,2,TAX,-1000,,,,,,,,,,,,,,,,,,,,2020/10/15,,,,,,,,,,,,,,,,VERTEX COMMON TAX,VENDOR CHARGED TAX,STANDARD,VTX_VND_CHRD_TAX_JURCD,***VENDOR CHRG TAX RATECDP2P***,1,,,,,1,,,,,,,,,,,,,,,,,,,,,,,,,,,,,,,TEST090320.55,,,,,,,,,,,,,,,,,,,,,,,,,,,,,,,,,,,,,,,,,,,,,,,,,,,END
7101,1,ITEM,-2500,2,-1250,,PA,,,,,,,,,,,,,N,3211-20-60041-110-0000-0000,#NULL,2020/10/15,,,,,VTX_PA,,,,,,,,,,,,,,,,,#NULL,,,N,1,,,N,,,,,,,N,,,,,,,,,,,,,,,,,,,,,TEST090320.56,,,,,,,,,,,,,,,,,,,,,,,,,,,,,,,,,,,,,,,,,,,,,,,,,,,END
7101,2,ITEM,-2500,2,-1250,,NY,,,,,,,,,,,,,N,3211-20-60041-110-0000-0000,#NULL,2020/10/15,,,,,VTX_NY,,,,,,,,,,,,,,,,,#NULL,,,N,1,,,N,,,,,,,N,,,,,,,,,,,,,,,,,,,,,TEST090320.57,,,,,,,,,,,,,,,,,,,,,,,,,,,,,,,,,,,,,,,,,,,,,,,,,,,END
7101,3,ITEM,-2500,2,-1250,,FL,,,,,,,,,,,,,N,3211-20-60041-110-0000-0000,#NULL,2020/10/15,,,,,VTX_FL,,,,,,,,,,,,,,,,,#NULL,,,N,1,,,N,,,,,,,N,,,,,,,,,,,,,,,,,,,,,TEST090320.58,,,,,,,,,,,,,,,,,,,,,,,,,,,,,,,,,,,,,,,,,,,,,,,,,,,END
7101,4,ITEM,-2500,2,-1250,,TN,,,,,,,,,,,,,N,3211-20-60041-110-0000-0000,#NULL,2020/10/15,,,,,VTX_TN,,,,,,,,,,,,,,,,,#NULL,,,N,1,,,N,,,,,,,N,,,,,,,,,,,,,,,,,,,,,TEST090320.59,,,,,,,,,,,,,,,,,,,,,,,,,,,,,,,,,,,,,,,,,,,,,,,,,,,END
7101,5,TAX,-1000,,,,,,,,,,,,,,,,,,,,2020/10/15,,,,,,,,,,,,,,,,VERTEX COMMON TAX,VENDOR CHARGED TAX,STANDARD,VTX_VND_CHRD_TAX_JURCD,***VENDOR CHRG TAX RATECDP2P***,1,,,,,1,,,,,,,,,,,,,,,,,,,,,,,,,,,,,,,TEST090320.60,,,,,,,,,,,,,,,,,,,,,,,,,,,,,,,,,,,,,,,,,,,,,,,,,,,END
8000,1,ITEM,10000,,,,TN,,,,,,,,,,,,,N,3211-20-60041-110-0000-0000,#NULL,2020/10/15,,,,,VTX_TN,,,,,,,,,,,,,,,,,#NULL,,,N,1,,,N,,,,,,,N,,,,,,,,,,,,,,,,,,,,,TEST090320.61,,,,,,,,,,,,,,,,,,,,,,,,,,,,,,,,,,,,,,,,,,,,,,,,,,,END
8001,1,ITEM,-10000,,,,TN,,,,,,,,,,,,,N,3211-20-60041-110-0000-0000,#NULL,2020/10/15,,,,,VTX_TN,,,,,,,,,,,,,,,,,#NULL,,,N,1,,,N,,,,,,,N,,,,,,,,,,,,,,,,,,,,,TEST090320.62,,,,,,,,,,,,,,,,,,,,,,,,,,,,,,,,,,,,,,,,,,,,,,,,,,,END
8002,1,ITEM,10000,,,,FL,,,,,,,,,,,,,N,3211-20-60041-110-0000-0000,#NULL,2020/10/15,,,,,VTX_FL,,,,,,,,,,,,,,,,,#NULL,,,N,1,,,N,,,,,,,N,,,,,,,,,,,,,,,,,,,,,TEST090320.63,,,,,,,,,,,,,,,,,,,,,,,,,,,,,,,,,,,,,,,,,,,,,,,,,,,END
8003,1,ITEM,-10000,,,,FL,,,,,,,,,,,,,N,3211-20-60041-110-0000-0000,#NULL,2020/10/15,,,,,VTX_FL,,,,,,,,,,,,,,,,,#NULL,,,N,1,,,N,,,,,,,N,,,,,,,,,,,,,,,,,,,,,TEST090320.64,,,,,,,,,,,,,,,,,,,,,,,,,,,,,,,,,,,,,,,,,,,,,,,,,,,END
8004,1,ITEM,400,,,,,,,,,,,,,,,,,N,3211-20-60041-110-0000-0000,#NULL,2020/10/15,,,,,VTX_NY,,,,,,,,,,,,,,,,,#NULL,,,N,1,,,N,,,,,,,N,,,,,,,,,,,,,,,,,,,,,TEST090320.65,,,,,,,,,,,,,,,,,,,,,,,,,,,,,,,,,,,,,,,,,,,,,,,,,,,END
8004,2,ITEM,400,,,,,,,,,,,,,,,,,N,3211-20-60041-110-0000-0000,#NULL,2020/10/15,,,,,VTX_PA,,,,,,,,,,,,,,,,,#NULL,,,N,1,,,N,,,,,,,N,,,,,,,,,,,,,,,,,,,,,TEST090320.66,,,,,,,,,,,,,,,,,,,,,,,,,,,,,,,,,,,,,,,,,,,,,,,,,,,END
8004,3,FREIGHT,100,,,,,,,,,,,,,,,,,N,3211-20-60041-110-0000-0000,#NULL,2020/10/15,,,,,,,,,,,,,,,,,,,,,,#NULL,,,Y,1,,,N,,,,,,,N,,,,,,,,,,,,,,,,,,,,,TEST090320.67,,,,,,,,,,,,,,,,,,,,,,,,,,,,,,,,,,,,,,,,,,,,,,,,,,,END
8005,1,ITEM,400,,,,,,,,,,,,,,,,,N,3211-20-60041-110-0000-0000,#NULL,2020/10/15,,,,,VTX_NY,,,,,,,,,,,,,,,,,#NULL,,,N,1,,,N,,,,,,,N,,,,,,,,,,,,,,,,,,,,,TEST090320.68,,,,,,,,,,,,,,,,,,,,,,,,,,,,,,,,,,,,,,,,,,,,,,,,,,,END
8005,2,ITEM,400,,,,,,,,,,,,,,,,,N,3211-20-60041-110-0000-0000,#NULL,2020/10/15,,,,,VTX_PA,,,,,,,,,,,,,,,,,#NULL,,,N,1,,,N,,,,,,,N,,,,,,,,,,,,,,,,,,,,,TEST090320.69,,,,,,,,,,,,,,,,,,,,,,,,,,,,,,,,,,,,,,,,,,,,,,,,,,,END
8005,3,FREIGHT,100,,,,,,,,,,,,,,,,,N,3211-20-60041-110-0000-0000,#NULL,2020/10/15,,,,,,,,,,,,,,,,,,,,,,#NULL,,,Y,1,,,N,,,,,,,N,,,,,,,,,,,,,,,,,,,,,TEST090320.70,,,,,,,,,,,,,,,,,,,,,,,,,,,,,,,,,,,,,,,,,,,,,,,,,,,END
8005,4,TAX,50,,,,,,,,,,,,,,,,,,,,2020/10/15,,,,,,,,,,,,,,,,VERTEX COMMON TAX,VENDOR CHARGED TAX,STANDARD,VTX_VND_CHRD_TAX_JURCD,***VENDOR CHRG TAX RATECDP2P***,1,,,,,1,,,,,,,,,,,,,,,,,,,,,,,,,,,,,,,TEST090320.71,,,,,,,,,,,,,,,,,,,,,,,,,,,,,,,,,,,,,,,,,,,,,,,,,,,END
8600,1,ITEM,1000,1,1000,,NY,,,,,,,,,,,,,N,3211-20-60041-110-0000-0000,#NULL,2020/10/15,,,,,VTX_BADADDR,,,,,,,,,,,,,,,,,#NULL,,,N,1,,,N,,,,,,,N,,,,,,,,,,,,,,,,,,,,,TEST090320.72,,,,,,,,,,,,,,,,,,,,,,,,,,,,,,,,,,,,,,,,,,,,,,,,,,,END
8700,1,ITEM,10000,2,5000,,AL - DPP,,,,,,,,,,,,,N,3211-20-60041-110-0000-0000,#NULL,2020/10/15,,,,,MCC_AL,,,,,,,,,,,,,,,,,#NULL,,,N,1,,,N,,,,,,,N,,,,,,,,,,,,,,,,,,,,,TEST090320.73,,,,,,,,,,,,,,,,,,,,,,,,,,,,,,,,,,,,,,,,,,,,,,,,,,,END
8700,2,TAX,900,,,,,,,,,,,,,,,,,,,,2020/10/15,,,,,,,,,,,,,,,,VERTEX COMMON TAX,VENDOR CHARGED TAX,STANDARD,VTX_VND_CHRD_TAX_JURCD,***VENDOR CHRG TAX RATECDP2P***,1,,,,,1,,,,,,,,,,,,,,,,,,,,,,,,,,,,,,,TEST090320.74,,,,,,,,,,,,,,,,,,,,,,,,,,,,,,,,,,,,,,,,,,,,,,,,,,,END
9000,1,ITEM,10000,2,5000,,NY,,,,,,,,,,,,,N,3211-20-60041-110-0000-0000,#NULL,2020/10/15,,,,,VTX_NY,,,,,,,,,,,,,,,,,#NULL,,,N,1,,,N,,,,,,,N,,,,,,,,,,,,,,,,,,,,,TEST090320.75,,,,,,,,,,,,,,,,,,,,,,,,,,,,,,,,,,,,,,,,,,,,,,,,,,,END
9001,1,ITEM,2500,2,1250,,PA,,,,,,,,,,,,,N,3211-20-60041-110-0000-0000,#NULL,2020/10/15,,,,,VTX_PA,,,,,,,,,,,,,,,,,#NULL,,,N,1,,,N,,,,,,,N,,,,,,,,,,,,,,,,,,,,,TEST090320.76,,,,,,,,,,,,,,,,,,,,,,,,,,,,,,,,,,,,,,,,,,,,,,,,,,,END
9001,2,ITEM,2500,2,1250,,NY,,,,,,,,,,,,,N,3211-20-60041-110-0000-0000,#NULL,2020/10/15,,,,,VTX_NY,,,,,,,,,,,,,,,,,#NULL,,,N,1,,,N,,,,,,,N,,,,,,,,,,,,,,,,,,,,,TEST090320.77,,,,,,,,,,,,,,,,,,,,,,,,,,,,,,,,,,,,,,,,,,,,,,,,,,,END
9001,3,ITEM,2500,2,1250,,CO,,,,,,,,,,,,,N,3211-20-60041-110-0000-0000,#NULL,2020/10/15,,,,,VTX_CO,,,,,,,,,,,,,,,,,#NULL,,,N,1,,,N,,,,,,,N,,,,,,,,,,,,,,,,,,,,,TEST090320.78,,,,,,,,,,,,,,,,,,,,,,,,,,,,,,,,,,,,,,,,,,,,,,,,,,,END
9001,4,ITEM,2500,2,1250,,TN,,,,,,,,,,,,,N,3211-20-60041-110-0000-0000,#NULL,2020/10/15,,,,,VTX_TN,,,,,,,,,,,,,,,,,#NULL,,,N,1,,,N,,,,,,,N,,,,,,,,,,,,,,,,,,,,,TEST090320.79,,,,,,,,,,,,,,,,,,,,,,,,,,,,,,,,,,,,,,,,,,,,,,,,,,,END
10000,1,ITEM,10000,,,,NY,,,,,,,,,,,,,N,3211-20-60041-110-0000-0000,#NULL,2020/10/15,,,,,VTX_NY,,,,,,,,,,,,,,,,,#NULL,,,N,1,,,N,,,,,,,N,,,,,,,,,,,,,,,,,,,,,TEST090320.80,,,,,,,,,,,,,,,,,,,,,,,,,,,,,,,,,,,,,,,,,,,,,,,,,,,END
10001,1,ITEM,2500,,,,PA,,,,,,,,,,,,,N,3211-20-60041-110-0000-0000,#NULL,2020/10/15,,,,,VTX_PA,,,,,,,,,,,,,,,,,#NULL,,,N,1,,,N,,,,,,,N,,,,,,,,,,,,,,,,,,,,,TEST090320.81,,,,,,,,,,,,,,,,,,,,,,,,,,,,,,,,,,,,,,,,,,,,,,,,,,,END
10001,2,ITEM,2500,,,,NY,,,,,,,,,,,,,N,3211-20-60041-110-0000-0000,#NULL,2020/10/15,,,,,VTX_NY,,,,,,,,,,,,,,,,,#NULL,,,N,1,,,N,,,,,,,N,,,,,,,,,,,,,,,,,,,,,TEST090320.82,,,,,,,,,,,,,,,,,,,,,,,,,,,,,,,,,,,,,,,,,,,,,,,,,,,END
10001,3,ITEM,2500,,,,CO,,,,,,,,,,,,,N,3211-20-60041-110-0000-0000,#NULL,2020/10/15,,,,,VTX_CO,,,,,,,,,,,,,,,,,#NULL,,,N,1,,,N,,,,,,,N,,,,,,,,,,,,,,,,,,,,,TEST090320.83,,,,,,,,,,,,,,,,,,,,,,,,,,,,,,,,,,,,,,,,,,,,,,,,,,,END
10001,4,ITEM,2500,,,,TN,,,,,,,,,,,,,N,3211-20-60041-110-0000-0000,#NULL,2020/10/15,,,,,VTX_TN,,,,,,,,,,,,,,,,,#NULL,,,N,1,,,N,,,,,,,N,,,,,,,,,,,,,,,,,,,,,TEST090320.84,,,,,,,,,,,,,,,,,,,,,,,,,,,,,,,,,,,,,,,,,,,,,,,,,,,END
11000,1,ITEM,20000,,,,NY,,,,,,,,,,,,,N,3211-20-60041-110-0000-0000,#NULL,2020/10/15,,,,,VTX_NY,,,,,,,,,,,,,,,,,#NULL,,,N,1,,,N,,,,,,,N,,,,,,,,,,,,,,,,,,,,,TEST090320.85,,,,,,,,,,,,,,,,,,,,,,,,,,,,,,,,,,,,,,,,,,,,,,,,,,,END
11001,1,ITEM,1000,,,,NY,,,,,,,,,,,,,N,3211-20-60041-110-0000-0000,#NULL,2020/10/15,,,,,VTX_NY,,,,,,,,,,,,,,,,,#NULL,,,N,1,,,N,,,,,,,N,,,,,,,,,,,,,,,,,,,,,TEST090320.86,,,,,,,,,,,,,,,,,,,,,,,,,,,,,,,,,,,,,,,,,,,,,,,,,,,END
11100,1,ITEM,10000,,,,NY,,,,,,,,,,,,,N,3211-20-60041-110-0000-0000,#NULL,2020/10/15,,,,,VTX_NY,,,,,,,,,,,,,,,,,#NULL,,,N,1,,,N,,,,,,,N,,,,,,,,,,,,,,,,,,,,,TEST090320.87,,,,,,,,,,,,,,,,,,,,,,,,,,,,,,,,,,,,,,,,,,,,,,,,,,,END
11100,2,TAX,400,,,,,,,,,,,,,,,,,,,,2020/10/15,,,,,,,,,,,,,,,,VERTEX COMMON TAX,VENDOR CHARGED TAX,STANDARD,VTX_VND_CHRD_TAX_JURCD,***VENDOR CHRG TAX RATECDP2P***,1,,,,,1,,,,,,,,,,,,,,,,,,,,,,,,,,,,,,,TEST090320.88,,,,,,,,,,,,,,,,,,,,,,,,,,,,,,,,,,,,,,,,,,,,,,,,,,,END
11102,1,ITEM,100000,,,,NY,,,,,,,,,,,,,N,3211-20-60041-110-0000-0000,#NULL,2020/10/15,,,,,VTX_NY,,,,,,,,,,,,,,,,,#NULL,,,N,1,,,N,,,,,,,N,,,,,,,,,,,,,,,,,,,,,TEST090320.89,,,,,,,,,,,,,,,,,,,,,,,,,,,,,,,,,,,,,,,,,,,,,,,,,,,END
11102,2,TAX,4000,,,,,,,,,,,,,,,,,,,,2020/10/15,,,,,,,,,,,,,,,,VERTEX COMMON TAX,VENDOR CHARGED TAX,STANDARD,VTX_VND_CHRD_TAX_JURCD,***VENDOR CHRG TAX RATECDP2P***,1,,,,,1,,,,,,,,,,,,,,,,,,,,,,,,,,,,,,,TEST090320.90,,,,,,,,,,,,,,,,,,,,,,,,,,,,,,,,,,,,,,,,,,,,,,,,,,,END
11200,1,ITEM,10000,,,,NY,,,,,,,,,,,,,N,3211-20-60041-110-0000-0000,#NULL,2020/10/15,,,,,VTX_NY,,,,,,,,,,,,,,,,,#NULL,,,N,1,,,N,,,,,,,N,,,,,,,,,,,,,,,,,,,,,TEST090320.91,,,,,,,,,,,,,,,,,,,,,,,,,,,,,,,,,,,,,,,,,,,,,,,,,,,END
11200,2,TAX,1000,,,,,,,,,,,,,,,,,,,,2020/10/15,,,,,,,,,,,,,,,,VERTEX COMMON TAX,VENDOR CHARGED TAX,STANDARD,VTX_VND_CHRD_TAX_JURCD,***VENDOR CHRG TAX RATECDP2P***,1,,,,,1,,,,,,,,,,,,,,,,,,,,,,,,,,,,,,,TEST090320.92,,,,,,,,,,,,,,,,,,,,,,,,,,,,,,,,,,,,,,,,,,,,,,,,,,,END
12000,1,ITEM,1000,,,,DE - nontaxable state,,,,,,,,,,,,,N,3211-20-60041-110-0000-0000,#NULL,2020/10/15,,,,,VTX_DE,,,,,,,,,,,,,,,,,#NULL,,,N,1,,,N,,,,,,,N,,,,,,,,,,,,,,,,,,,,,TEST090320.93,,,,,,,,,,,,,,,,,,,,,,,,,,,,,,,,,,,,,,,,,,,,,,,,,,,END
12000,2,TAX,40,,,,,,,,,,,,,,,,,,,,2020/10/15,,,,,,,,,,,,,,,,VERTEX COMMON TAX,VENDOR CHARGED TAX,STANDARD,VTX_VND_CHRD_TAX_JURCD,***VENDOR CHRG TAX RATECDP2P***,1,,,,,1,,,,,,,,,,,,,,,,,,,,,,,,,,,,,,,TEST090320.94,,,,,,,,,,,,,,,,,,,,,,,,,,,,,,,,,,,,,,,,,,,,,,,,,,,END
12100,1,ITEM,1000,,,,PA,,,,,,,,,,,,,N,3211-20-60041-110-0000-0000,#NULL,2020/10/15,,,,,VTX_PA,,,,,,,,,,,,,,,,,#NULL,,,N,1,,,N,,,,,,,N,,,,,,,,,,,,,,,,,,,,,TEST090320.95,,,,,,,,,,,,,,,,,,,,,,,,,,,,,,,,,,,,,,,,,,,,,,,,,,,END
12100,2,ITEM,500,,,,PA,,,,,,,,,,,,,N,3211-20-60041-110-0000-0000,#NULL,2020/10/15,,,,,VTX_PA,,,,,,,,,,,,,,,,,#NULL,,,N,1,,,N,,,,,,,N,,,,,,,,,,,,,,,,,,,,,TEST090320.96,,,,,,,,,,,,,,,,,,,,,,,,,,,,,,,,,,,,,,,,,,,,,,,,,,,END
12100,3,ITEM,-1000,,,,PA,,,,,,,,,,,,,N,3211-20-60041-110-0000-0000,#NULL,2020/10/15,,,,,VTX_PA,,,,,,,,,,,,,,,,,#NULL,,,N,1,,,N,,,,,,,N,,,,,,,,,,,,,,,,,,,,,TEST090320.97,,,,,,,,,,,,,,,,,,,,,,,,,,,,,,,,,,,,,,,,,,,,,,,,,,,END
12100,4,TAX,40,,,,,,,,,,,,,,,,,,,,2020/10/15,,,,,,,,,,,,,,,,VERTEX COMMON TAX,VENDOR CHARGED TAX,STANDARD,VTX_VND_CHRD_TAX_JURCD,***VENDOR CHRG TAX RATECDP2P***,1,,,,,1,,,,,,,,,,,,,,,,,,,,,,,,,,,,,,,TEST090320.98,,,,,,,,,,,,,,,,,,,,,,,,,,,,,,,,,,,,,,,,,,,,,,,,,,,END
12200,1,ITEM,1000,,,,PA,,,,,,,,,,,,,N,3211-20-60041-110-0000-0000,#NULL,2020/10/15,,,,,VTX_PA,,,,,,,,,,,,,,,,,#NULL,,,N,1,,,N,,,,,,,N,,,,,,,,,,,,,,,,,,,,,TEST090320.99,,,,,,,,,,,,,,,,,,,,,,,,,,,,,,,,,,,,,,,,,,,,,,,,,,,END
12200,2,ITEM,500,,,,PA,,,,,,,,,,,,,N,3211-20-60041-110-0000-0000,#NULL,2020/10/15,,,,,VTX_PA,,,,,,,,,,,,,,,,,#NULL,,,N,1,,,N,,,,,,,N,,,,,,,,,,,,,,,,,,,,,TEST090320.100,,,,,,,,,,,,,,,,,,,,,,,,,,,,,,,,,,,,,,,,,,,,,,,,,,,END
12200,3,ITEM,-1000,,,,PA,,,,,,,,,,,,,N,3211-20-60041-110-0000-0000,#NULL,2020/10/15,,,,,VTX_PA,,,,,,,,,,,,,,,,,#NULL,,,N,1,,,N,,,,,,,N,,,,,,,,,,,,,,,,,,,,,TEST090320.101,,,,,,,,,,,,,,,,,,,,,,,,,,,,,,,,,,,,,,,,,,,,,,,,,,,END
12200,4,TAX,20,,,,,,,,,,,,,,,,,,,,2020/10/15,,,,,,,,,,,,,,,,VERTEX COMMON TAX,VENDOR CHARGED TAX,STANDARD,VTX_VND_CHRD_TAX_JURCD,***VENDOR CHRG TAX RATECDP2P***,1,,,,,1,,,,,,,,,,,,,,,,,,,,,,,,,,,,,,,TEST090320.102,,,,,,,,,,,,,,,,,,,,,,,,,,,,,,,,,,,,,,,,,,,,,,,,,,,END
12300,1,ITEM,1000,,,,CT - Std rate,,,,,,,,,,,,,N,3211-10-60041-410-0000-0000,#NULL,2020/10/15,,,,,VTX_CT,,,,,,,,,,,,,,,,,#NULL,,,N,1,,,N,,,,,,,N,,,,,,,,,,,,,,,,,,,,,TEST090320.103,,,,,,,,,,,,,,,,,,,,,,,,,,,,,,,,,,,,,,,,,,,,,,,,,,,END
12300,2,ITEM,1000,,,,CT - Non std rate,,,,,,,,,,,,,N,3211-10-60043-410-0000-0000,#NULL,2020/10/15,,,,,VTX_CT,,,,,,,,,,,,,,,,,#NULL,,,N,1,,,N,,,,,,,N,,,,,,,,,,,,,,,,,,,,,TEST090320.104,,,,,,,,,,,,,,,,,,,,,,,,,,,,,,,,,,,,,,,,,,,,,,,,,,,END
12300,3,ITEM,1000,,,,CT - nontaxable,,,,,,,,,,,,,N,3211-10-60044-410-0000-0000,#NULL,2020/10/15,,,,,VTX_CT,,,,,,,,,,,,,,,,,#NULL,,,N,1,,,N,,,,,,,N,,,,,,,,,,,,,,,,,,,,,TEST090320.105,,,,,,,,,,,,,,,,,,,,,,,,,,,,,,,,,,,,,,,,,,,,,,,,,,,END
12400,1,ITEM,4000,,,,Allocation - Gl acct 56550,,,,,,,,,,,,,N,3211-50-56550-000-0000-0000,#NULL,2020/10/15,,,,,VTX_CT,,,,,,,,,,,,,,,,,#NULL,,,N,1,,,N,,,,,,,N,,,,,,,,,,,,,,,,,,,,,TEST090320.106,,,,,,,,,,,,,,,,,,,,,,,,,,,,,,,,,,,,,,,,,,,,,,,,,,,END
13000,1,ITEM,2.0181212081807E13,,,,NY,,,,,,,,,,,,,N,3211-20-60041-110-0000-0000,#NULL,2020/10/15,,,,,VTX_NY,,,,,,,,,,,,,,,,,#NULL,,,N,1,,,N,,,,,,,N,,,,,,,,,,,,,,,,,,,,,TEST090320.107,,,,,,,,,,,,,,,,,,,,,,,,,,,,,,,,,,,,,,,,,,,,,,,,,,,END
13001,1,ITEM,1000,,,,NY,,,,,,,,,,,,,N,3211-20-60041-110-0000-0000,#NULL,2020/10/15,,,,,VTX_NY,,,,,,,,2.0181212081807E13,,,,,,,,,#NULL,,,N,1,,,N,,,,,,,N,,,,,,,,,,,,,,,,,,,,,TEST090320.108,,,,,,,,,,,,,,,,,,,,,,,,,,,,,,,,,,,,,,,,,,,,,,,,,,,END
13002,1,ITEM,2.0181212081807E13,2.0181212081807E13,1,,NY,,,,,,,,,,,,,N,3211-20-60041-110-0000-0000,#NULL,2020/10/15,,,,,VTX_NY,,,,,,,,,,,,,,,,,#NULL,,,N,1,,,N,,,,,,,N,,,,,,,,,,,,,,,,,,,,,TEST090320.109,,,,,,,,,,,,,,,,,,,,,,,,,,,,,,,,,,,,,,,,,,,,,,,,,,,END
14000,1,ITEM,100,,,,This is a description with & symbols and & for good measure.  This has to be the max of 240 to test truncation.  Xxxxxxxxxxxxxxxxxxxxxxxxxxxxxxxxxxxxxxxxxxxxxxxxxxxxxxxxxxxxxxxxxxxxxxxxxxxxxxxxxxxxxxxxxxxxxxxxxxxxxxxxxxxxxxxxxxxxxxxxxxxxxxx,,,,,,,,,,,,,N,3211-20-60041-110-0000-0000,#NULL,2020/10/15,,,,,VTX_PA,,,,,,,,,,,,,,,,,#NULL,,,N,1,,,N,,,,,,,N,,,,,,,,,,,,,,,,,,,,,TEST090320.110,,,,,,,,,,,,,,,,,,,,,,,,,,,,,,,,,,,,,,,,,,,,,,,,,,,END
15000,1,ITEM,100,,,,NY,,,,,,,,,,,,,N,3211-20-60041-110-0000-0000,#NULL,2020/10/15,,,,,VTX_NY,,,,,,,,,,,,,,,,,#NULL,,,N,1,,,N,,,,,,,N,,,,,,,,,,,,,,,,,,,,,TEST090320.111,,,,,,,,,,,,,,,,,,,,,,,,,,,,,,,,,,,,,,,,,,,,,,,,,,,END
15000,2,ITEM,100,,,,FL,,,,,,,,,,,,,N,3211-20-60041-110-0000-0000,#NULL,2020/10/15,,,,,VTX_FL,,,,,,,,,,,,,,,,,#NULL,,,N,1,,,N,,,,,,,N,,,,,,,,,,,,,,,,,,,,,TEST090320.112,,,,,,,,,,,,,,,,,,,,,,,,,,,,,,,,,,,,,,,,,,,,,,,,,,,END
15000,3,ITEM,100,,,,Bad Addr,,,,,,,,,,,,,N,3211-20-60041-110-0000-0000,#NULL,2020/10/15,,,,,VTX_BADADDR,,,,,,,,,,,,,,,,,#NULL,,,N,1,,,N,,,,,,,N,,,,,,,,,,,,,,,,,,,,,TEST090320.113,,,,,,,,,,,,,,,,,,,,,,,,,,,,,,,,,,,,,,,,,,,,,,,,,,,END
15000,4,ITEM,100,,,,PA,,,,,,,,,,,,,N,3211-20-60041-110-0000-0000,#NULL,2020/10/15,,,,,VTX_PA,,,,,,,,,,,,,,,,,#NULL,,,N,1,,,N,,,,,,,N,,,,,,,,,,,,,,,,,,,,,TEST090320.114,,,,,,,,,,,,,,,,,,,,,,,,,,,,,,,,,,,,,,,,,,,,,,,,,,,END
15000,5,ITEM,100,,,,PA,,,,,,,,,,,,,N,3211-20-60041-110-0000-0000,#NULL,2020/10/15,,,,,VTX_PA,,,,,,,,,,,,,,,,,#NULL,,,N,1,,,N,,,,,,,N,,,,,,,,,,,,,,,,,,,,,TEST090320.115,,,,,,,,,,,,,,,,,,,,,,,,,,,,,,,,,,,,,,,,,,,,,,,,,,,END
15000,6,ITEM,100,,,,PA,,,,,,,,,,,,,N,3211-20-60041-110-0000-0000,#NULL,2020/10/15,,,,,VTX_PA,,,,,,,,,,,,,,,,,#NULL,,,N,1,,,N,,,,,,,N,,,,,,,,,,,,,,,,,,,,,TEST090320.116,,,,,,,,,,,,,,,,,,,,,,,,,,,,,,,,,,,,,,,,,,,,,,,,,,,END
15000,7,ITEM,100,,,,PA,,,,,,,,,,,,,N,3211-20-60041-110-0000-0000,#NULL,2020/10/15,,,,,VTX_PA,,,,,,,,,,,,,,,,,#NULL,,,N,1,,,N,,,,,,,N,,,,,,,,,,,,,,,,,,,,,TEST090320.117,,,,,,,,,,,,,,,,,,,,,,,,,,,,,,,,,,,,,,,,,,,,,,,,,,,END
15000,8,ITEM,100,,,,PA,,,,,,,,,,,,,N,3211-20-60041-110-0000-0000,#NULL,2020/10/15,,,,,VTX_PA,,,,,,,,,,,,,,,,,#NULL,,,N,1,,,N,,,,,,,N,,,,,,,,,,,,,,,,,,,,,TEST090320.118,,,,,,,,,,,,,,,,,,,,,,,,,,,,,,,,,,,,,,,,,,,,,,,,,,,END
15000,9,ITEM,100,,,,PA,,,,,,,,,,,,,N,3211-20-60041-110-0000-0000,#NULL,2020/10/15,,,,,VTX_PA,,,,,,,,,,,,,,,,,#NULL,,,N,1,,,N,,,,,,,N,,,,,,,,,,,,,,,,,,,,,TEST090320.119,,,,,,,,,,,,,,,,,,,,,,,,,,,,,,,,,,,,,,,,,,,,,,,,,,,END
15000,10,ITEM,100,,,,PA,,,,,,,,,,,,,N,3211-20-60041-110-0000-0000,#NULL,2020/10/15,,,,,VTX_PA,,,,,,,,,,,,,,,,,#NULL,,,N,1,,,N,,,,,,,N,,,,,,,,,,,,,,,,,,,,,TEST090320.120,,,,,,,,,,,,,,,,,,,,,,,,,,,,,,,,,,,,,,,,,,,,,,,,,,,END
15000,11,ITEM,100,,,,PA,,,,,,,,,,,,,N,3211-20-60041-110-0000-0000,#NULL,2020/10/15,,,,,VTX_PA,,,,,,,,,,,,,,,,,#NULL,,,N,1,,,N,,,,,,,N,,,,,,,,,,,,,,,,,,,,,TEST090320.121,,,,,,,,,,,,,,,,,,,,,,,,,,,,,,,,,,,,,,,,,,,,,,,,,,,END
15000,12,ITEM,100,,,,PA,,,,,,,,,,,,,N,3211-20-60041-110-0000-0000,#NULL,2020/10/15,,,,,VTX_PA,,,,,,,,,,,,,,,,,#NULL,,,N,1,,,N,,,,,,,N,,,,,,,,,,,,,,,,,,,,,TEST090320.122,,,,,,,,,,,,,,,,,,,,,,,,,,,,,,,,,,,,,,,,,,,,,,,,,,,END
15000,13,ITEM,100,,,,PA,,,,,,,,,,,,,N,3211-20-60041-110-0000-0000,#NULL,2020/10/15,,,,,VTX_PA,,,,,,,,,,,,,,,,,#NULL,,,N,1,,,N,,,,,,,N,,,,,,,,,,,,,,,,,,,,,TEST090320.123,,,,,,,,,,,,,,,,,,,,,,,,,,,,,,,,,,,,,,,,,,,,,,,,,,,END
15000,14,ITEM,100,,,,PA,,,,,,,,,,,,,N,3211-20-60041-110-0000-0000,#NULL,2020/10/15,,,,,VTX_PA,,,,,,,,,,,,,,,,,#NULL,,,N,1,,,N,,,,,,,N,,,,,,,,,,,,,,,,,,,,,TEST090320.124,,,,,,,,,,,,,,,,,,,,,,,,,,,,,,,,,,,,,,,,,,,,,,,,,,,END
15000,15,ITEM,100,,,,PA,,,,,,,,,,,,,N,3211-20-60041-110-0000-0000,#NULL,2020/10/15,,,,,VTX_PA,,,,,,,,,,,,,,,,,#NULL,,,N,1,,,N,,,,,,,N,,,,,,,,,,,,,,,,,,,,,TEST090320.125,,,,,,,,,,,,,,,,,,,,,,,,,,,,,,,,,,,,,,,,,,,,,,,,,,,END
15000,16,ITEM,100,,,,PA,,,,,,,,,,,,,N,3211-20-60041-110-0000-0000,#NULL,2020/10/15,,,,,VTX_PA,,,,,,,,,,,,,,,,,#NULL,,,N,1,,,N,,,,,,,N,,,,,,,,,,,,,,,,,,,,,TEST090320.126,,,,,,,,,,,,,,,,,,,,,,,,,,,,,,,,,,,,,,,,,,,,,,,,,,,END
15000,17,ITEM,100,,,,PA,,,,,,,,,,,,,N,3211-20-60041-110-0000-0000,#NULL,2020/10/15,,,,,VTX_PA,,,,,,,,,,,,,,,,,#NULL,,,N,1,,,N,,,,,,,N,,,,,,,,,,,,,,,,,,,,,TEST090320.127,,,,,,,,,,,,,,,,,,,,,,,,,,,,,,,,,,,,,,,,,,,,,,,,,,,END
15000,18,ITEM,100,,,,PA,,,,,,,,,,,,,N,3211-20-60041-110-0000-0000,#NULL,2020/10/15,,,,,VTX_PA,,,,,,,,,,,,,,,,,#NULL,,,N,1,,,N,,,,,,,N,,,,,,,,,,,,,,,,,,,,,TEST090320.128,,,,,,,,,,,,,,,,,,,,,,,,,,,,,,,,,,,,,,,,,,,,,,,,,,,END
15000,19,ITEM,100,,,,PA,,,,,,,,,,,,,N,3211-20-60041-110-0000-0000,#NULL,2020/10/15,,,,,VTX_PA,,,,,,,,,,,,,,,,,#NULL,,,N,1,,,N,,,,,,,N,,,,,,,,,,,,,,,,,,,,,TEST090320.129,,,,,,,,,,,,,,,,,,,,,,,,,,,,,,,,,,,,,,,,,,,,,,,,,,,END
15000,20,ITEM,100,,,,PA,,,,,,,,,,,,,N,3211-20-60041-110-0000-0000,#NULL,2020/10/15,,,,,VTX_PA,,,,,,,,,,,,,,,,,#NULL,,,N,1,,,N,,,,,,,N,,,,,,,,,,,,,,,,,,,,,TEST090320.130,,,,,,,,,,,,,,,,,,,,,,,,,,,,,,,,,,,,,,,,,,,,,,,,,,,END
15000,21,ITEM,100,,,,PA,,,,,,,,,,,,,N,3211-20-60041-110-0000-0000,#NULL,2020/10/15,,,,,VTX_PA,,,,,,,,,,,,,,,,,#NULL,,,N,1,,,N,,,,,,,N,,,,,,,,,,,,,,,,,,,,,TEST090320.131,,,,,,,,,,,,,,,,,,,,,,,,,,,,,,,,,,,,,,,,,,,,,,,,,,,END
15000,22,ITEM,100,,,,PA,,,,,,,,,,,,,N,3211-20-60041-110-0000-0000,#NULL,2020/10/15,,,,,VTX_PA,,,,,,,,,,,,,,,,,#NULL,,,N,1,,,N,,,,,,,N,,,,,,,,,,,,,,,,,,,,,TEST090320.132,,,,,,,,,,,,,,,,,,,,,,,,,,,,,,,,,,,,,,,,,,,,,,,,,,,END
15000,23,ITEM,100,,,,PA,,,,,,,,,,,,,N,3211-20-60041-110-0000-0000,#NULL,2020/10/15,,,,,VTX_PA,,,,,,,,,,,,,,,,,#NULL,,,N,1,,,N,,,,,,,N,,,,,,,,,,,,,,,,,,,,,TEST090320.133,,,,,,,,,,,,,,,,,,,,,,,,,,,,,,,,,,,,,,,,,,,,,,,,,,,END
15000,24,ITEM,100,,,,PA,,,,,,,,,,,,,N,3211-20-60041-110-0000-0000,#NULL,2020/10/15,,,,,VTX_PA,,,,,,,,,,,,,,,,,#NULL,,,N,1,,,N,,,,,,,N,,,,,,,,,,,,,,,,,,,,,TEST090320.134,,,,,,,,,,,,,,,,,,,,,,,,,,,,,,,,,,,,,,,,,,,,,,,,,,,END
15000,25,ITEM,100,,,,PA,,,,,,,,,,,,,N,3211-20-60041-110-0000-0000,#NULL,2020/10/15,,,,,VTX_PA,,,,,,,,,,,,,,,,,#NULL,,,N,1,,,N,,,,,,,N,,,,,,,,,,,,,,,,,,,,,TEST090320.135,,,,,,,,,,,,,,,,,,,,,,,,,,,,,,,,,,,,,,,,,,,,,,,,,,,END
15000,26,ITEM,100,,,,PA,,,,,,,,,,,,,N,3211-20-60041-110-0000-0000,#NULL,2020/10/15,,,,,VTX_PA,,,,,,,,,,,,,,,,,#NULL,,,N,1,,,N,,,,,,,N,,,,,,,,,,,,,,,,,,,,,TEST090320.136,,,,,,,,,,,,,,,,,,,,,,,,,,,,,,,,,,,,,,,,,,,,,,,,,,,END
15000,27,ITEM,100,,,,PA,,,,,,,,,,,,,N,3211-20-60041-110-0000-0000,#NULL,2020/10/15,,,,,VTX_PA,,,,,,,,,,,,,,,,,#NULL,,,N,1,,,N,,,,,,,N,,,,,,,,,,,,,,,,,,,,,TEST090320.137,,,,,,,,,,,,,,,,,,,,,,,,,,,,,,,,,,,,,,,,,,,,,,,,,,,END
15000,28,ITEM,100,,,,PA,,,,,,,,,,,,,N,3211-20-60041-110-0000-0000,#NULL,2020/10/15,,,,,VTX_PA,,,,,,,,,,,,,,,,,#NULL,,,N,1,,,N,,,,,,,N,,,,,,,,,,,,,,,,,,,,,TEST090320.138,,,,,,,,,,,,,,,,,,,,,,,,,,,,,,,,,,,,,,,,,,,,,,,,,,,END
15000,29,ITEM,100,,,,PA,,,,,,,,,,,,,N,3211-20-60041-110-0000-0000,#NULL,2020/10/15,,,,,VTX_PA,,,,,,,,,,,,,,,,,#NULL,,,N,1,,,N,,,,,,,N,,,,,,,,,,,,,,,,,,,,,TEST090320.139,,,,,,,,,,,,,,,,,,,,,,,,,,,,,,,,,,,,,,,,,,,,,,,,,,,END
15000,30,ITEM,100,,,,PA,,,,,,,,,,,,,N,3211-20-60041-110-0000-0000,#NULL,2020/10/15,,,,,VTX_PA,,,,,,,,,,,,,,,,,#NULL,,,N,1,,,N,,,,,,,N,,,,,,,,,,,,,,,,,,,,,TEST090320.140,,,,,,,,,,,,,,,,,,,,,,,,,,,,,,,,,,,,,,,,,,,,,,,,,,,END
15000,31,ITEM,100,,,,PA,,,,,,,,,,,,,N,3211-20-60041-110-0000-0000,#NULL,2020/10/15,,,,,VTX_PA,,,,,,,,,,,,,,,,,#NULL,,,N,1,,,N,,,,,,,N,,,,,,,,,,,,,,,,,,,,,TEST090320.141,,,,,,,,,,,,,,,,,,,,,,,,,,,,,,,,,,,,,,,,,,,,,,,,,,,END
15000,32,ITEM,100,,,,PA,,,,,,,,,,,,,N,3211-20-60041-110-0000-0000,#NULL,2020/10/15,,,,,VTX_PA,,,,,,,,,,,,,,,,,#NULL,,,N,1,,,N,,,,,,,N,,,,,,,,,,,,,,,,,,,,,TEST090320.142,,,,,,,,,,,,,,,,,,,,,,,,,,,,,,,,,,,,,,,,,,,,,,,,,,,END
15000,33,ITEM,100,,,,PA,,,,,,,,,,,,,N,3211-20-60041-110-0000-0000,#NULL,2020/10/15,,,,,VTX_PA,,,,,,,,,,,,,,,,,#NULL,,,N,1,,,N,,,,,,,N,,,,,,,,,,,,,,,,,,,,,TEST090320.143,,,,,,,,,,,,,,,,,,,,,,,,,,,,,,,,,,,,,,,,,,,,,,,,,,,END
15000,34,ITEM,100,,,,PA,,,,,,,,,,,,,N,3211-20-60041-110-0000-0000,#NULL,2020/10/15,,,,,VTX_PA,,,,,,,,,,,,,,,,,#NULL,,,N,1,,,N,,,,,,,N,,,,,,,,,,,,,,,,,,,,,TEST090320.144,,,,,,,,,,,,,,,,,,,,,,,,,,,,,,,,,,,,,,,,,,,,,,,,,,,END
15000,35,ITEM,100,,,,PA,,,,,,,,,,,,,N,3211-20-60041-110-0000-0000,#NULL,2020/10/15,,,,,VTX_PA,,,,,,,,,,,,,,,,,#NULL,,,N,1,,,N,,,,,,,N,,,,,,,,,,,,,,,,,,,,,TEST090320.145,,,,,,,,,,,,,,,,,,,,,,,,,,,,,,,,,,,,,,,,,,,,,,,,,,,END
15000,36,ITEM,100,,,,PA,,,,,,,,,,,,,N,3211-20-60041-110-0000-0000,#NULL,2020/10/15,,,,,VTX_PA,,,,,,,,,,,,,,,,,#NULL,,,N,1,,,N,,,,,,,N,,,,,,,,,,,,,,,,,,,,,TEST090320.146,,,,,,,,,,,,,,,,,,,,,,,,,,,,,,,,,,,,,,,,,,,,,,,,,,,END
15000,37,ITEM,100,,,,PA,,,,,,,,,,,,,N,3211-20-60041-110-0000-0000,#NULL,2020/10/15,,,,,VTX_PA,,,,,,,,,,,,,,,,,#NULL,,,N,1,,,N,,,,,,,N,,,,,,,,,,,,,,,,,,,,,TEST090320.147,,,,,,,,,,,,,,,,,,,,,,,,,,,,,,,,,,,,,,,,,,,,,,,,,,,END
15000,38,ITEM,100,,,,PA,,,,,,,,,,,,,N,3211-20-60041-110-0000-0000,#NULL,2020/10/15,,,,,VTX_PA,,,,,,,,,,,,,,,,,#NULL,,,N,1,,,N,,,,,,,N,,,,,,,,,,,,,,,,,,,,,TEST090320.148,,,,,,,,,,,,,,,,,,,,,,,,,,,,,,,,,,,,,,,,,,,,,,,,,,,END
15000,39,ITEM,100,,,,PA,,,,,,,,,,,,,N,3211-20-60041-110-0000-0000,#NULL,2020/10/15,,,,,VTX_PA,,,,,,,,,,,,,,,,,#NULL,,,N,1,,,N,,,,,,,N,,,,,,,,,,,,,,,,,,,,,TEST090320.149,,,,,,,,,,,,,,,,,,,,,,,,,,,,,,,,,,,,,,,,,,,,,,,,,,,END
15000,40,ITEM,100,,,,PA,,,,,,,,,,,,,N,3211-20-60041-110-0000-0000,#NULL,2020/10/15,,,,,VTX_PA,,,,,,,,,,,,,,,,,#NULL,,,N,1,,,N,,,,,,,N,,,,,,,,,,,,,,,,,,,,,TEST090320.150,,,,,,,,,,,,,,,,,,,,,,,,,,,,,,,,,,,,,,,,,,,,,,,,,,,END
15000,41,ITEM,100,,,,PA,,,,,,,,,,,,,N,3211-20-60041-110-0000-0000,#NULL,2020/10/15,,,,,VTX_PA,,,,,,,,,,,,,,,,,#NULL,,,N,1,,,N,,,,,,,N,,,,,,,,,,,,,,,,,,,,,TEST090320.151,,,,,,,,,,,,,,,,,,,,,,,,,,,,,,,,,,,,,,,,,,,,,,,,,,,END
15000,42,ITEM,100,,,,PA,,,,,,,,,,,,,N,3211-20-60041-110-0000-0000,#NULL,2020/10/15,,,,,VTX_PA,,,,,,,,,,,,,,,,,#NULL,,,N,1,,,N,,,,,,,N,,,,,,,,,,,,,,,,,,,,,TEST090320.152,,,,,,,,,,,,,,,,,,,,,,,,,,,,,,,,,,,,,,,,,,,,,,,,,,,END
15000,43,ITEM,100,,,,PA,,,,,,,,,,,,,N,3211-20-60041-110-0000-0000,#NULL,2020/10/15,,,,,VTX_PA,,,,,,,,,,,,,,,,,#NULL,,,N,1,,,N,,,,,,,N,,,,,,,,,,,,,,,,,,,,,TEST090320.153,,,,,,,,,,,,,,,,,,,,,,,,,,,,,,,,,,,,,,,,,,,,,,,,,,,END
15000,44,ITEM,100,,,,PA,,,,,,,,,,,,,N,3211-20-60041-110-0000-0000,#NULL,2020/10/15,,,,,VTX_PA,,,,,,,,,,,,,,,,,#NULL,,,N,1,,,N,,,,,,,N,,,,,,,,,,,,,,,,,,,,,TEST090320.154,,,,,,,,,,,,,,,,,,,,,,,,,,,,,,,,,,,,,,,,,,,,,,,,,,,END
15000,45,ITEM,100,,,,PA,,,,,,,,,,,,,N,3211-20-60041-110-0000-0000,#NULL,2020/10/15,,,,,VTX_PA,,,,,,,,,,,,,,,,,#NULL,,,N,1,,,N,,,,,,,N,,,,,,,,,,,,,,,,,,,,,TEST090320.155,,,,,,,,,,,,,,,,,,,,,,,,,,,,,,,,,,,,,,,,,,,,,,,,,,,END
15000,46,ITEM,100,,,,PA,,,,,,,,,,,,,N,3211-20-60041-110-0000-0000,#NULL,2020/10/15,,,,,VTX_PA,,,,,,,,,,,,,,,,,#NULL,,,N,1,,,N,,,,,,,N,,,,,,,,,,,,,,,,,,,,,TEST090320.156,,,,,,,,,,,,,,,,,,,,,,,,,,,,,,,,,,,,,,,,,,,,,,,,,,,END
15000,47,ITEM,100,,,,PA,,,,,,,,,,,,,N,3211-20-60041-110-0000-0000,#NULL,2020/10/15,,,,,VTX_PA,,,,,,,,,,,,,,,,,#NULL,,,N,1,,,N,,,,,,,N,,,,,,,,,,,,,,,,,,,,,TEST090320.157,,,,,,,,,,,,,,,,,,,,,,,,,,,,,,,,,,,,,,,,,,,,,,,,,,,END
15000,48,ITEM,100,,,,PA,,,,,,,,,,,,,N,3211-20-60041-110-0000-0000,#NULL,2020/10/15,,,,,VTX_PA,,,,,,,,,,,,,,,,,#NULL,,,N,1,,,N,,,,,,,N,,,,,,,,,,,,,,,,,,,,,TEST090320.158,,,,,,,,,,,,,,,,,,,,,,,,,,,,,,,,,,,,,,,,,,,,,,,,,,,END
15000,49,ITEM,100,,,,PA,,,,,,,,,,,,,N,3211-20-60041-110-0000-0000,#NULL,2020/10/15,,,,,VTX_PA,,,,,,,,,,,,,,,,,#NULL,,,N,1,,,N,,,,,,,N,,,,,,,,,,,,,,,,,,,,,TEST090320.159,,,,,,,,,,,,,,,,,,,,,,,,,,,,,,,,,,,,,,,,,,,,,,,,,,,END
15000,50,ITEM,100,,,,PA,,,,,,,,,,,,,N,3211-20-60041-110-0000-0000,#NULL,2020/10/15,,,,,VTX_PA,,,,,,,,,,,,,,,,,#NULL,,,N,1,,,N,,,,,,,N,,,,,,,,,,,,,,,,,,,,,TEST090320.160,,,,,,,,,,,,,,,,,,,,,,,,,,,,,,,,,,,,,,,,,,,,,,,,,,,END
15000,51,ITEM,100,,,,PA,,,,,,,,,,,,,N,3211-20-60041-110-0000-0000,#NULL,2020/10/15,,,,,VTX_PA,,,,,,,,,,,,,,,,,#NULL,,,N,1,,,N,,,,,,,N,,,,,,,,,,,,,,,,,,,,,TEST090320.161,,,,,,,,,,,,,,,,,,,,,,,,,,,,,,,,,,,,,,,,,,,,,,,,,,,END
15000,52,ITEM,100,,,,PA,,,,,,,,,,,,,N,3211-20-60041-110-0000-0000,#NULL,2020/10/15,,,,,VTX_PA,,,,,,,,,,,,,,,,,#NULL,,,N,1,,,N,,,,,,,N,,,,,,,,,,,,,,,,,,,,,TEST090320.162,,,,,,,,,,,,,,,,,,,,,,,,,,,,,,,,,,,,,,,,,,,,,,,,,,,END
15000,53,ITEM,100,,,,PA,,,,,,,,,,,,,N,3211-20-60041-110-0000-0000,#NULL,2020/10/15,,,,,VTX_PA,,,,,,,,,,,,,,,,,#NULL,,,N,1,,,N,,,,,,,N,,,,,,,,,,,,,,,,,,,,,TEST090320.163,,,,,,,,,,,,,,,,,,,,,,,,,,,,,,,,,,,,,,,,,,,,,,,,,,,END
15000,54,ITEM,100,,,,PA,,,,,,,,,,,,,N,3211-20-60041-110-0000-0000,#NULL,2020/10/15,,,,,VTX_PA,,,,,,,,,,,,,,,,,#NULL,,,N,1,,,N,,,,,,,N,,,,,,,,,,,,,,,,,,,,,TEST090320.164,,,,,,,,,,,,,,,,,,,,,,,,,,,,,,,,,,,,,,,,,,,,,,,,,,,END
15000,55,ITEM,100,,,,PA,,,,,,,,,,,,,N,3211-20-60041-110-0000-0000,#NULL,2020/10/15,,,,,VTX_PA,,,,,,,,,,,,,,,,,#NULL,,,N,1,,,N,,,,,,,N,,,,,,,,,,,,,,,,,,,,,TEST090320.165,,,,,,,,,,,,,,,,,,,,,,,,,,,,,,,,,,,,,,,,,,,,,,,,,,,END
15000,56,ITEM,100,,,,PA,,,,,,,,,,,,,N,3211-20-60041-110-0000-0000,#NULL,2020/10/15,,,,,VTX_PA,,,,,,,,,,,,,,,,,#NULL,,,N,1,,,N,,,,,,,N,,,,,,,,,,,,,,,,,,,,,TEST090320.166,,,,,,,,,,,,,,,,,,,,,,,,,,,,,,,,,,,,,,,,,,,,,,,,,,,END
15000,57,ITEM,100,,,,PA,,,,,,,,,,,,,N,3211-20-60041-110-0000-0000,#NULL,2020/10/15,,,,,VTX_PA,,,,,,,,,,,,,,,,,#NULL,,,N,1,,,N,,,,,,,N,,,,,,,,,,,,,,,,,,,,,TEST090320.167,,,,,,,,,,,,,,,,,,,,,,,,,,,,,,,,,,,,,,,,,,,,,,,,,,,END
15000,58,ITEM,100,,,,PA,,,,,,,,,,,,,N,3211-20-60041-110-0000-0000,#NULL,2020/10/15,,,,,VTX_PA,,,,,,,,,,,,,,,,,#NULL,,,N,1,,,N,,,,,,,N,,,,,,,,,,,,,,,,,,,,,TEST090320.168,,,,,,,,,,,,,,,,,,,,,,,,,,,,,,,,,,,,,,,,,,,,,,,,,,,END
15000,59,ITEM,100,,,,PA,,,,,,,,,,,,,N,3211-20-60041-110-0000-0000,#NULL,2020/10/15,,,,,VTX_PA,,,,,,,,,,,,,,,,,#NULL,,,N,1,,,N,,,,,,,N,,,,,,,,,,,,,,,,,,,,,TEST090320.169,,,,,,,,,,,,,,,,,,,,,,,,,,,,,,,,,,,,,,,,,,,,,,,,,,,END
15000,60,ITEM,100,,,,PA,,,,,,,,,,,,,N,3211-20-60041-110-0000-0000,#NULL,2020/10/15,,,,,VTX_PA,,,,,,,,,,,,,,,,,#NULL,,,N,1,,,N,,,,,,,N,,,,,,,,,,,,,,,,,,,,,TEST090320.170,,,,,,,,,,,,,,,,,,,,,,,,,,,,,,,,,,,,,,,,,,,,,,,,,,,END
15000,61,ITEM,100,,,,PA,,,,,,,,,,,,,N,3211-20-60041-110-0000-0000,#NULL,2020/10/15,,,,,VTX_PA,,,,,,,,,,,,,,,,,#NULL,,,N,1,,,N,,,,,,,N,,,,,,,,,,,,,,,,,,,,,TEST090320.171,,,,,,,,,,,,,,,,,,,,,,,,,,,,,,,,,,,,,,,,,,,,,,,,,,,END
15000,62,ITEM,100,,,,PA,,,,,,,,,,,,,N,3211-20-60041-110-0000-0000,#NULL,2020/10/15,,,,,VTX_PA,,,,,,,,,,,,,,,,,#NULL,,,N,1,,,N,,,,,,,N,,,,,,,,,,,,,,,,,,,,,TEST090320.172,,,,,,,,,,,,,,,,,,,,,,,,,,,,,,,,,,,,,,,,,,,,,,,,,,,END
15000,63,ITEM,100,,,,PA,,,,,,,,,,,,,N,3211-20-60041-110-0000-0000,#NULL,2020/10/15,,,,,VTX_PA,,,,,,,,,,,,,,,,,#NULL,,,N,1,,,N,,,,,,,N,,,,,,,,,,,,,,,,,,,,,TEST090320.173,,,,,,,,,,,,,,,,,,,,,,,,,,,,,,,,,,,,,,,,,,,,,,,,,,,END
15000,64,ITEM,100,,,,PA,,,,,,,,,,,,,N,3211-20-60041-110-0000-0000,#NULL,2020/10/15,,,,,VTX_PA,,,,,,,,,,,,,,,,,#NULL,,,N,1,,,N,,,,,,,N,,,,,,,,,,,,,,,,,,,,,TEST090320.174,,,,,,,,,,,,,,,,,,,,,,,,,,,,,,,,,,,,,,,,,,,,,,,,,,,END
15000,65,ITEM,100,,,,PA,,,,,,,,,,,,,N,3211-20-60041-110-0000-0000,#NULL,2020/10/15,,,,,VTX_PA,,,,,,,,,,,,,,,,,#NULL,,,N,1,,,N,,,,,,,N,,,,,,,,,,,,,,,,,,,,,TEST090320.175,,,,,,,,,,,,,,,,,,,,,,,,,,,,,,,,,,,,,,,,,,,,,,,,,,,END
15000,66,ITEM,100,,,,PA,,,,,,,,,,,,,N,3211-20-60041-110-0000-0000,#NULL,2020/10/15,,,,,VTX_PA,,,,,,,,,,,,,,,,,#NULL,,,N,1,,,N,,,,,,,N,,,,,,,,,,,,,,,,,,,,,TEST090320.176,,,,,,,,,,,,,,,,,,,,,,,,,,,,,,,,,,,,,,,,,,,,,,,,,,,END
15000,67,ITEM,100,,,,PA,,,,,,,,,,,,,N,3211-20-60041-110-0000-0000,#NULL,2020/10/15,,,,,VTX_PA,,,,,,,,,,,,,,,,,#NULL,,,N,1,,,N,,,,,,,N,,,,,,,,,,,,,,,,,,,,,TEST090320.177,,,,,,,,,,,,,,,,,,,,,,,,,,,,,,,,,,,,,,,,,,,,,,,,,,,END
15000,68,ITEM,100,,,,PA,,,,,,,,,,,,,N,3211-20-60041-110-0000-0000,#NULL,2020/10/15,,,,,VTX_PA,,,,,,,,,,,,,,,,,#NULL,,,N,1,,,N,,,,,,,N,,,,,,,,,,,,,,,,,,,,,TEST090320.178,,,,,,,,,,,,,,,,,,,,,,,,,,,,,,,,,,,,,,,,,,,,,,,,,,,END
15000,69,ITEM,100,,,,PA,,,,,,,,,,,,,N,3211-20-60041-110-0000-0000,#NULL,2020/10/15,,,,,VTX_PA,,,,,,,,,,,,,,,,,#NULL,,,N,1,,,N,,,,,,,N,,,,,,,,,,,,,,,,,,,,,TEST090320.179,,,,,,,,,,,,,,,,,,,,,,,,,,,,,,,,,,,,,,,,,,,,,,,,,,,END
15000,70,ITEM,100,,,,PA,,,,,,,,,,,,,N,3211-20-60041-110-0000-0000,#NULL,2020/10/15,,,,,VTX_PA,,,,,,,,,,,,,,,,,#NULL,,,N,1,,,N,,,,,,,N,,,,,,,,,,,,,,,,,,,,,TEST090320.180,,,,,,,,,,,,,,,,,,,,,,,,,,,,,,,,,,,,,,,,,,,,,,,,,,,END
15000,71,ITEM,100,,,,PA,,,,,,,,,,,,,N,3211-20-60041-110-0000-0000,#NULL,2020/10/15,,,,,VTX_PA,,,,,,,,,,,,,,,,,#NULL,,,N,1,,,N,,,,,,,N,,,,,,,,,,,,,,,,,,,,,TEST090320.181,,,,,,,,,,,,,,,,,,,,,,,,,,,,,,,,,,,,,,,,,,,,,,,,,,,END
15000,72,ITEM,100,,,,PA,,,,,,,,,,,,,N,3211-20-60041-110-0000-0000,#NULL,2020/10/15,,,,,VTX_PA,,,,,,,,,,,,,,,,,#NULL,,,N,1,,,N,,,,,,,N,,,,,,,,,,,,,,,,,,,,,TEST090320.182,,,,,,,,,,,,,,,,,,,,,,,,,,,,,,,,,,,,,,,,,,,,,,,,,,,END
15000,73,ITEM,100,,,,PA,,,,,,,,,,,,,N,3211-20-60041-110-0000-0000,#NULL,2020/10/15,,,,,VTX_PA,,,,,,,,,,,,,,,,,#NULL,,,N,1,,,N,,,,,,,N,,,,,,,,,,,,,,,,,,,,,TEST090320.183,,,,,,,,,,,,,,,,,,,,,,,,,,,,,,,,,,,,,,,,,,,,,,,,,,,END
15000,74,ITEM,100,,,,PA,,,,,,,,,,,,,N,3211-20-60041-110-0000-0000,#NULL,2020/10/15,,,,,VTX_PA,,,,,,,,,,,,,,,,,#NULL,,,N,1,,,N,,,,,,,N,,,,,,,,,,,,,,,,,,,,,TEST090320.184,,,,,,,,,,,,,,,,,,,,,,,,,,,,,,,,,,,,,,,,,,,,,,,,,,,END
15000,75,ITEM,100,,,,PA,,,,,,,,,,,,,N,3211-20-60041-110-0000-0000,#NULL,2020/10/15,,,,,VTX_PA,,,,,,,,,,,,,,,,,#NULL,,,N,1,,,N,,,,,,,N,,,,,,,,,,,,,,,,,,,,,TEST090320.185,,,,,,,,,,,,,,,,,,,,,,,,,,,,,,,,,,,,,,,,,,,,,,,,,,,END
15000,76,ITEM,100,,,,PA,,,,,,,,,,,,,N,3211-20-60041-110-0000-0000,#NULL,2020/10/15,,,,,VTX_PA,,,,,,,,,,,,,,,,,#NULL,,,N,1,,,N,,,,,,,N,,,,,,,,,,,,,,,,,,,,,TEST090320.186,,,,,,,,,,,,,,,,,,,,,,,,,,,,,,,,,,,,,,,,,,,,,,,,,,,END
15000,77,ITEM,100,,,,PA,,,,,,,,,,,,,N,3211-20-60041-110-0000-0000,#NULL,2020/10/15,,,,,VTX_PA,,,,,,,,,,,,,,,,,#NULL,,,N,1,,,N,,,,,,,N,,,,,,,,,,,,,,,,,,,,,TEST090320.187,,,,,,,,,,,,,,,,,,,,,,,,,,,,,,,,,,,,,,,,,,,,,,,,,,,END
15000,78,ITEM,100,,,,PA,,,,,,,,,,,,,N,3211-20-60041-110-0000-0000,#NULL,2020/10/15,,,,,VTX_PA,,,,,,,,,,,,,,,,,#NULL,,,N,1,,,N,,,,,,,N,,,,,,,,,,,,,,,,,,,,,TEST090320.188,,,,,,,,,,,,,,,,,,,,,,,,,,,,,,,,,,,,,,,,,,,,,,,,,,,END
15000,79,ITEM,100,,,,PA,,,,,,,,,,,,,N,3211-20-60041-110-0000-0000,#NULL,2020/10/15,,,,,VTX_PA,,,,,,,,,,,,,,,,,#NULL,,,N,1,,,N,,,,,,,N,,,,,,,,,,,,,,,,,,,,,TEST090320.189,,,,,,,,,,,,,,,,,,,,,,,,,,,,,,,,,,,,,,,,,,,,,,,,,,,END
15000,80,ITEM,100,,,,PA,,,,,,,,,,,,,N,3211-20-60041-110-0000-0000,#NULL,2020/10/15,,,,,VTX_PA,,,,,,,,,,,,,,,,,#NULL,,,N,1,,,N,,,,,,,N,,,,,,,,,,,,,,,,,,,,,TEST090320.190,,,,,,,,,,,,,,,,,,,,,,,,,,,,,,,,,,,,,,,,,,,,,,,,,,,END
15000,81,ITEM,100,,,,PA,,,,,,,,,,,,,N,3211-20-60041-110-0000-0000,#NULL,2020/10/15,,,,,VTX_PA,,,,,,,,,,,,,,,,,#NULL,,,N,1,,,N,,,,,,,N,,,,,,,,,,,,,,,,,,,,,TEST090320.191,,,,,,,,,,,,,,,,,,,,,,,,,,,,,,,,,,,,,,,,,,,,,,,,,,,END
15000,82,ITEM,100,,,,PA,,,,,,,,,,,,,N,3211-20-60041-110-0000-0000,#NULL,2020/10/15,,,,,VTX_PA,,,,,,,,,,,,,,,,,#NULL,,,N,1,,,N,,,,,,,N,,,,,,,,,,,,,,,,,,,,,TEST090320.192,,,,,,,,,,,,,,,,,,,,,,,,,,,,,,,,,,,,,,,,,,,,,,,,,,,END
15000,83,ITEM,100,,,,PA,,,,,,,,,,,,,N,3211-20-60041-110-0000-0000,#NULL,2020/10/15,,,,,VTX_PA,,,,,,,,,,,,,,,,,#NULL,,,N,1,,,N,,,,,,,N,,,,,,,,,,,,,,,,,,,,,TEST090320.193,,,,,,,,,,,,,,,,,,,,,,,,,,,,,,,,,,,,,,,,,,,,,,,,,,,END
15000,84,ITEM,100,,,,PA,,,,,,,,,,,,,N,3211-20-60041-110-0000-0000,#NULL,2020/10/15,,,,,VTX_PA,,,,,,,,,,,,,,,,,#NULL,,,N,1,,,N,,,,,,,N,,,,,,,,,,,,,,,,,,,,,TEST090320.194,,,,,,,,,,,,,,,,,,,,,,,,,,,,,,,,,,,,,,,,,,,,,,,,,,,END
15000,85,ITEM,100,,,,PA,,,,,,,,,,,,,N,3211-20-60041-110-0000-0000,#NULL,2020/10/15,,,,,VTX_PA,,,,,,,,,,,,,,,,,#NULL,,,N,1,,,N,,,,,,,N,,,,,,,,,,,,,,,,,,,,,TEST090320.195,,,,,,,,,,,,,,,,,,,,,,,,,,,,,,,,,,,,,,,,,,,,,,,,,,,END
15000,86,ITEM,100,,,,PA,,,,,,,,,,,,,N,3211-20-60041-110-0000-0000,#NULL,2020/10/15,,,,,VTX_PA,,,,,,,,,,,,,,,,,#NULL,,,N,1,,,N,,,,,,,N,,,,,,,,,,,,,,,,,,,,,TEST090320.196,,,,,,,,,,,,,,,,,,,,,,,,,,,,,,,,,,,,,,,,,,,,,,,,,,,END
15000,87,ITEM,100,,,,PA,,,,,,,,,,,,,N,3211-20-60041-110-0000-0000,#NULL,2020/10/15,,,,,VTX_PA,,,,,,,,,,,,,,,,,#NULL,,,N,1,,,N,,,,,,,N,,,,,,,,,,,,,,,,,,,,,TEST090320.197,,,,,,,,,,,,,,,,,,,,,,,,,,,,,,,,,,,,,,,,,,,,,,,,,,,END
15000,88,ITEM,100,,,,PA,,,,,,,,,,,,,N,3211-20-60041-110-0000-0000,#NULL,2020/10/15,,,,,VTX_PA,,,,,,,,,,,,,,,,,#NULL,,,N,1,,,N,,,,,,,N,,,,,,,,,,,,,,,,,,,,,TEST090320.198,,,,,,,,,,,,,,,,,,,,,,,,,,,,,,,,,,,,,,,,,,,,,,,,,,,END
15000,89,ITEM,100,,,,PA,,,,,,,,,,,,,N,3211-20-60041-110-0000-0000,#NULL,2020/10/15,,,,,VTX_PA,,,,,,,,,,,,,,,,,#NULL,,,N,1,,,N,,,,,,,N,,,,,,,,,,,,,,,,,,,,,TEST090320.199,,,,,,,,,,,,,,,,,,,,,,,,,,,,,,,,,,,,,,,,,,,,,,,,,,,END
15000,90,ITEM,100,,,,PA,,,,,,,,,,,,,N,3211-20-60041-110-0000-0000,#NULL,2020/10/15,,,,,VTX_PA,,,,,,,,,,,,,,,,,#NULL,,,N,1,,,N,,,,,,,N,,,,,,,,,,,,,,,,,,,,,TEST090320.200,,,,,,,,,,,,,,,,,,,,,,,,,,,,,,,,,,,,,,,,,,,,,,,,,,,END
15000,91,ITEM,100,,,,PA,,,,,,,,,,,,,N,3211-20-60041-110-0000-0000,#NULL,2020/10/15,,,,,VTX_PA,,,,,,,,,,,,,,,,,#NULL,,,N,1,,,N,,,,,,,N,,,,,,,,,,,,,,,,,,,,,TEST090320.201,,,,,,,,,,,,,,,,,,,,,,,,,,,,,,,,,,,,,,,,,,,,,,,,,,,END
15000,92,ITEM,100,,,,PA,,,,,,,,,,,,,N,3211-20-60041-110-0000-0000,#NULL,2020/10/15,,,,,VTX_PA,,,,,,,,,,,,,,,,,#NULL,,,N,1,,,N,,,,,,,N,,,,,,,,,,,,,,,,,,,,,TEST090320.202,,,,,,,,,,,,,,,,,,,,,,,,,,,,,,,,,,,,,,,,,,,,,,,,,,,END
15000,93,ITEM,100,,,,PA,,,,,,,,,,,,,N,3211-20-60041-110-0000-0000,#NULL,2020/10/15,,,,,VTX_PA,,,,,,,,,,,,,,,,,#NULL,,,N,1,,,N,,,,,,,N,,,,,,,,,,,,,,,,,,,,,TEST090320.203,,,,,,,,,,,,,,,,,,,,,,,,,,,,,,,,,,,,,,,,,,,,,,,,,,,END
15000,94,ITEM,100,,,,PA,,,,,,,,,,,,,N,3211-20-60041-110-0000-0000,#NULL,2020/10/15,,,,,VTX_PA,,,,,,,,,,,,,,,,,#NULL,,,N,1,,,N,,,,,,,N,,,,,,,,,,,,,,,,,,,,,TEST090320.204,,,,,,,,,,,,,,,,,,,,,,,,,,,,,,,,,,,,,,,,,,,,,,,,,,,END
15000,95,ITEM,100,,,,PA,,,,,,,,,,,,,N,3211-20-60041-110-0000-0000,#NULL,2020/10/15,,,,,VTX_PA,,,,,,,,,,,,,,,,,#NULL,,,N,1,,,N,,,,,,,N,,,,,,,,,,,,,,,,,,,,,TEST090320.205,,,,,,,,,,,,,,,,,,,,,,,,,,,,,,,,,,,,,,,,,,,,,,,,,,,END
15000,96,ITEM,100,,,,PA,,,,,,,,,,,,,N,3211-20-60041-110-0000-0000,#NULL,2020/10/15,,,,,VTX_PA,,,,,,,,,,,,,,,,,#NULL,,,N,1,,,N,,,,,,,N,,,,,,,,,,,,,,,,,,,,,TEST090320.206,,,,,,,,,,,,,,,,,,,,,,,,,,,,,,,,,,,,,,,,,,,,,,,,,,,END
15000,97,ITEM,100,,,,PA,,,,,,,,,,,,,N,3211-20-60041-110-0000-0000,#NULL,2020/10/15,,,,,VTX_PA,,,,,,,,,,,,,,,,,#NULL,,,N,1,,,N,,,,,,,N,,,,,,,,,,,,,,,,,,,,,TEST090320.207,,,,,,,,,,,,,,,,,,,,,,,,,,,,,,,,,,,,,,,,,,,,,,,,,,,END
15000,98,ITEM,100,,,,PA,,,,,,,,,,,,,N,3211-20-60041-110-0000-0000,#NULL,2020/10/15,,,,,VTX_PA,,,,,,,,,,,,,,,,,#NULL,,,N,1,,,N,,,,,,,N,,,,,,,,,,,,,,,,,,,,,TEST090320.208,,,,,,,,,,,,,,,,,,,,,,,,,,,,,,,,,,,,,,,,,,,,,,,,,,,END
15000,99,ITEM,100,,,,PA,,,,,,,,,,,,,N,3211-20-60041-110-0000-0000,#NULL,2020/10/15,,,,,VTX_PA,,,,,,,,,,,,,,,,,#NULL,,,N,1,,,N,,,,,,,N,,,,,,,,,,,,,,,,,,,,,TEST090320.209,,,,,,,,,,,,,,,,,,,,,,,,,,,,,,,,,,,,,,,,,,,,,,,,,,,END
15000,100,ITEM,100,,,,PA,,,,,,,,,,,,,N,3211-20-60041-110-0000-0000,#NULL,2020/10/15,,,,,VTX_PA,,,,,,,,,,,,,,,,,#NULL,,,N,1,,,N,,,,,,,N,,,,,,,,,,,,,,,,,,,,,TEST090320.210,,,,,,,,,,,,,,,,,,,,,,,,,,,,,,,,,,,,,,,,,,,,,,,,,,,END
