,MCC_LEGACY123456789123456,ImpInvoice,30 Net,2020/09/14,2020/09/14,CN091420A01,,,,,,,,,,,,8004,9020,,8004,9020,,,LINE,"Multi-ship inv - NY, TN, FL, UT",USD,User,2020/09/14,1.0,1000.0,1.0,,1000.0,,LEGACY,CN091420D08584755,1.0,1.0,,,,,,,,,,,,TEST090320.1,,,RIUS104111,,,,,,,,,,,,,,,,,,,,,,US,,,,,,,,,,,,,,,,,,,,,,,,,,,,,,,,,,,,,,,,,,,,,,,,,,,,,,,,,,,,,,,,,,,,,,,,,,,,,,,,,,,,,,,,,,,,,,,,,,,,,,,,,,,,,,,,,,,,,,,,,,,,,,,,,,,,,,,,,,,,,,,,,,,,,,,,,,,,,,,,,,,,,,,,,,,,,,,,,,,,,,,,,,,,,,,,,,,,,,,,,,,,,,,,,,VTX_US_BU,END
,MCC_LEGACY123456789123456,ImpInvoice,30 Net,2020/09/14,2020/09/14,CN091420A01,,,,,,,,,,,,8004,9020,,8004,24009,,,LINE,"Multi-ship inv - NY, TN, FL, UT",USD,User,2020/09/14,1.0,1000.0,1.0,,1000.0,,LEGACY,CN091420D08584755,2.0,1.0,,,,,,,,,,,,TEST090320.2,,,RIUS104111,,,,,,,,,,,,,,,,,,,,,,US,,,,,,,,,,,,,,,,,,,,,,,,,,,,,,,,,,,,,,,,,,,,,,,,,,,,,,,,,,,,,,,,,,,,,,,,,,,,,,,,,,,,,,,,,,,,,,,,,,,,,,,,,,,,,,,,,,,,,,,,,,,,,,,,,,,,,,,,,,,,,,,,,,,,,,,,,,,,,,,,,,,,,,,,,,,,,,,,,,,,,,,,,,,,,,,,,,,,,,,,,,,,,,,,,,VTX_US_BU,END
,MCC_LEGACY123456789123456,ImpInvoice,30 Net,2020/09/14,2020/09/14,CN091420A01,,,,,,,,,,,,8004,9020,,8004,16012,,,LINE,"Multi-ship inv - NY, TN, FL, UT",USD,User,2020/09/14,1.0,1000.0,1.0,,1000.0,,LEGACY,CN091420D08584755,3.0,1.0,,,,,,,,,,,,TEST090320.3,,,RIUS104111,,,,,,,,,,,,,,,,,,,,,,US,,,,,,,,,,,,,,,,,,,,,,,,,,,,,,,,,,,,,,,,,,,,,,,,,,,,,,,,,,,,,,,,,,,,,,,,,,,,,,,,,,,,,,,,,,,,,,,,,,,,,,,,,,,,,,,,,,,,,,,,,,,,,,,,,,,,,,,,,,,,,,,,,,,,,,,,,,,,,,,,,,,,,,,,,,,,,,,,,,,,,,,,,,,,,,,,,,,,,,,,,,,,,,,,,,VTX_US_BU,END
,MCC_LEGACY123456789123456,ImpInvoice,30 Net,2020/09/14,2020/09/14,CN091420A01,,,,,,,,,,,,8004,9020,,8004,16015,,,LINE,"Multi-ship inv - NY, TN, FL, UT",USD,User,2020/09/14,1.0,1000.0,1.0,,1000.0,,LEGACY,CN091420D08584755,4.0,1.0,,,,,,,,,,,,TEST090320.4,,,RIUS104111,,,,,,,,,,,,,,,,,,,,,,US,,,,,,,,,,,,,,,,,,,,,,,,,,,,,,,,,,,,,,,,,,,,,,,,,,,,,,,,,,,,,,,,,,,,,,,,,,,,,,,,,,,,,,,,,,,,,,,,,,,,,,,,,,,,,,,,,,,,,,,,,,,,,,,,,,,,,,,,,,,,,,,,,,,,,,,,,,,,,,,,,,,,,,,,,,,,,,,,,,,,,,,,,,,,,,,,,,,,,,,,,,,,,,,,,,VTX_US_BU,END
,MCC_LEGACY123456789123456,ImpInvoice,30 Net,2020/09/14,2020/09/14,CN091420A02,,,,,,,,,,,,8004,9020,,8004,9020,,,LINE,1 Line Inv - NY,USD,User,2020/09/14,1.0,1000.0,1.0,,1000.0,,LEGACY,CN091420D08584756,1.0,1.0,,,,,,,,,,,,TEST090320.5,,,RIUS104111,,,,,,,,,,,,,,,,,,,,,,US,,,,,,,,,,,,,,,,,,,,,,,,,,,,,,,,,,,,,,,,,,,,,,,,,,,,,,,,,,,,,,,,,,,,,,,,,,,,,,,,,,,,,,,,,,,,,,,,,,,,,,,,,,,,,,,,,,,,,,,,,,,,,,,,,,,,,,,,,,,,,,,,,,,,,,,,,,,,,,,,,,,,,,,,,,,,,,,,,,,,,,,,,,,,,,,,,,,,,,,,,,,,,,,,,,VTX_US_BU,END
,MCC_LEGACY123456789123456,ImpInvoice,30 Net,2020/09/14,2020/09/14,CN091420A03,,,,,,,,,,,,8004,9020,,8004,24009,,,LINE,TN Tiered Tax,USD,User,2020/09/14,1.0,10000.0,1.0,,10000.0,,LEGACY,CN091420D08584758,1.0,1.0,,,,,,,,,,,,TEST090320.6,,,RIUS104111,,,,,,,,,,,,,,,,,,,,,,US,,,,,,,,,,,,,,,,,,,,,,,,,,,,,,,,,,,,,,,,,,,,,,,,,,,,,,,,,,,,,,,,,,,,,,,,,,,,,,,,,,,,,,,,,,,,,,,,,,,,,,,,,,,,,,,,,,,,,,,,,,,,,,,,,,,,,,,,,,,,,,,,,,,,,,,,,,,,,,,,,,,,,,,,,,,,,,,,,,,,,,,,,,,,,,,,,,,,,,,,,,,,,,,,,,VTX_US_BU,END
,MCC_LEGACY123456789123456,ImpInvoice,30 Net,2020/09/14,2020/09/14,CN091420A04,,,,,,,,,,,,8004,9020,,8004,24009,,,LINE,1 Line invoice - tax inclusive,USD,User,2020/09/14,1.0,10000.0,1.0,,10000.0,,LEGACY,CN091420D08584759,1.0,1.0,,,,,,,,,,,,TEST090320.7,,,RIUS104111,,,,,,,,,,,,,,,,,,,,,,US,,,,,,,,,,,,,,,,,,Y,,,,,,,,,,,,,,,,,,,,,,,,,,,,,,,,,,,,,,,,,,,,,,,,,,,,,,,,,,,,,,,,,,,,,,,,,,,,,,,,,,,,,,,,,,,,,,,,,,,,,,,,,,,,,,,,,,,,,,,,,,,,,,,,,,,,,,,,,,,,,,,,,,,,,,,,,,,,,,,,,,,,,,,,,,,,,,,,,,,,,,,,,,,,,,,,VTX_US_BU,END
,MCC_LEGACY123456789123456,ImpInvoice,30 Net,2020/09/14,2020/09/14,CN091420A05,,,,,,,,,,,,8004,9020,,8004,9020,,,LINE,Großbottwar (Baden-Württemberg),USD,User,2020/09/14,1.0,1000.0,1.0,,1000.0,,LEGACY,CN091420D08584761,1.0,1.0,,,,,,,,,,,,TEST090320.8,,,RIUS104111,,,,,,,,,,,,,,,,,,,,,,US,,,,,,,,,,,,,,,,,,,,,,,,,,,,,,,,,,,,,,,,,,,,,,,,,,,,,,,,,,,,,,,,,,,,,,,,,,,,,,,,,,,,,,,,,,,,,,,,,,,,,,,,,,,,,,,,,,,,,,,,,,,,,,,,,,,,,,,,,,,,,,,,,,,,,,,,,,,,,,,,,,,,,,,,,,,,,,,,,,,,,,,,,,,,,,,,,,,,,,,,,,,,,,,,,,VTX_US_BU,END
,MCC_LEGACY123456789123456,ImpInvoice,30 Net,2020/09/14,2020/09/14,CN091420A05,,,,,,,,,,,,8004,9020,,8004,9020,,,LINE,Timișoara - Călărași,USD,User,2020/09/14,1.0,2000.0,1.0,,2000.0,,LEGACY,CN091420D08584761,2.0,1.0,,,,,,,,,,,,TEST090320.9,,,RIUS104111,,,,,,,,,,,,,,,,,,,,,,US,,,,,,,,,,,,,,,,,,,,,,,,,,,,,,,,,,,,,,,,,,,,,,,,,,,,,,,,,,,,,,,,,,,,,,,,,,,,,,,,,,,,,,,,,,,,,,,,,,,,,,,,,,,,,,,,,,,,,,,,,,,,,,,,,,,,,,,,,,,,,,,,,,,,,,,,,,,,,,,,,,,,,,,,,,,,,,,,,,,,,,,,,,,,,,,,,,,,,,,,,,,,,,,,,,VTX_US_BU,END
,MCC_LEGACY123456789123456,ImpInvoice,30 Net,2020/09/14,2020/09/14,CN091420A05,,,,,,,,,,,,8004,9020,,8004,9020,,,LINE,Bacău -test'withquote",USD,User,2020/09/14,1.0,2000.0,1.0,,2000.0,,LEGACY,CN091420D08584761,3.0,1.0,,,,,,,,,,,,TEST090320.10,,,RIUS104111,,,,,,,,,,,,,,,,,,,,,,US,,,,,,,,,,,,,,,,,,,,,,,,,,,,,,,,,,,,,,,,,,,,,,,,,,,,,,,,,,,,,,,,,,,,,,,,,,,,,,,,,,,,,,,,,,,,,,,,,,,,,,,,,,,,,,,,,,,,,,,,,,,,,,,,,,,,,,,,,,,,,,,,,,,,,,,,,,,,,,,,,,,,,,,,,,,,,,,,,,,,,,,,,,,,,,,,,,,,,,,,,,,,,,,,,,VTX_US_BU,END
,MCC_LEGACY123456789123456,ImpInvoice,30 Net,2020/09/14,2020/09/14,CN091420A05,,,,,,,,,,,,8004,9020,,8004,9020,,,LINE,`~!@#$%^&*()_+=-[]{};':"..<>/?\|,USD,User,2020/09/14,1.0,2000.0,1.0,,2000.0,,LEGACY,CN091420D08584761,4.0,1.0,,,,,,,,,,,,TEST090320.11,,,RIUS104111,,,,,,,,,,,,,,,,,,,,,,US,,,,,,,,,,,,,,,,,,,,,,,,,,,,,,,,,,,,,,,,,,,,,,,,,,,,,,,,,,,,,,,,,,,,,,,,,,,,,,,,,,,,,,,,,,,,,,,,,,,,,,,,,,,,,,,,,,,,,,,,,,,,,,,,,,,,,,,,,,,,,,,,,,,,,,,,,,,,,,,,,,,,,,,,,,,,,,,,,,,,,,,,,,,,,,,,,,,,,,,,,,,,,,,,,,VTX_US_BU,END
,MCC_LEGACY123456789123456,ImpInvoice,30 Net,2020/09/14,2020/09/14,CN091420A06,,,,,,,,,,,,8004,9020,,8004,16015,,,LINE,Multi-line inv - UT,USD,User,2020/09/14,1.0,1000.0,1.0,,1000.0,,LEGACY,CN091420D08584763,1.0,1.0,,,,,,,,,,,,TEST090320.12,,,RIUS104111,,,,,,,,,,,,,,,,,,,,,,US,,,,,,,,,,,,,,,,,,,,,,,,,,,,,,,,,,,,,,,,,,,,,,,,,,,,,,,,,,,,,,,,,,,,,,,,,,,,,,,,,,,,,,,,,,,,,,,,,,,,,,,,,,,,,,,,,,,,,,,,,,,,,,,,,,,,,,,,,,,,,,,,,,,,,,,,,,,,,,,,,,,,,,,,,,,,,,,,,,,,,,,,,,,,,,,,,,,,,,,,,,,,,,,,,,VTX_US_BU,END
,MCC_LEGACY123456789123456,ImpInvoice,30 Net,2020/09/14,2020/09/14,CN091420A06,,,,,,,,,,,,8004,9020,,8004,16015,,,LINE,Multi-line inv - UT,USD,User,2020/09/14,1.0,1000.0,1.0,,1000.0,,LEGACY,CN091420D08584763,2.0,1.0,,,,,,,,,,,,TEST090320.13,,,RIUS104111,,,,,,,,,,,,,,,,,,,,,,US,,,,,,,,,,,,,,,,,,,,,,,,,,,,,,,,,,,,,,,,,,,,,,,,,,,,,,,,,,,,,,,,,,,,,,,,,,,,,,,,,,,,,,,,,,,,,,,,,,,,,,,,,,,,,,,,,,,,,,,,,,,,,,,,,,,,,,,,,,,,,,,,,,,,,,,,,,,,,,,,,,,,,,,,,,,,,,,,,,,,,,,,,,,,,,,,,,,,,,,,,,,,,,,,,,VTX_US_BU,END
,MCC_LEGACY123456789123456,ImpInvoice,30 Net,2020/09/14,2020/09/14,CN091420A06,,,,,,,,,,,,8004,9020,,8004,16015,,,LINE,Multi-line inv - UT,USD,User,2020/09/14,1.0,1000.0,1.0,,1000.0,,LEGACY,CN091420D08584763,3.0,1.0,,,,,,,,,,,,TEST090320.14,,,RIUS104111,,,,,,,,,,,,,,,,,,,,,,US,,,,,,,,,,,,,,,,,,,,,,,,,,,,,,,,,,,,,,,,,,,,,,,,,,,,,,,,,,,,,,,,,,,,,,,,,,,,,,,,,,,,,,,,,,,,,,,,,,,,,,,,,,,,,,,,,,,,,,,,,,,,,,,,,,,,,,,,,,,,,,,,,,,,,,,,,,,,,,,,,,,,,,,,,,,,,,,,,,,,,,,,,,,,,,,,,,,,,,,,,,,,,,,,,,VTX_US_BU,END
,MCC_LEGACY123456789123456,ImpInvoice,30 Net,2020/09/14,2020/09/14,CN091420A06,,,,,,,,,,,,8004,9020,,8004,16015,,,LINE,Multi-line inv - UT,USD,User,2020/09/14,1.0,1000.0,1.0,,1000.0,,LEGACY,CN091420D08584763,4.0,1.0,,,,,,,,,,,,TEST090320.15,,,RIUS104111,,,,,,,,,,,,,,,,,,,,,,US,,,,,,,,,,,,,,,,,,,,,,,,,,,,,,,,,,,,,,,,,,,,,,,,,,,,,,,,,,,,,,,,,,,,,,,,,,,,,,,,,,,,,,,,,,,,,,,,,,,,,,,,,,,,,,,,,,,,,,,,,,,,,,,,,,,,,,,,,,,,,,,,,,,,,,,,,,,,,,,,,,,,,,,,,,,,,,,,,,,,,,,,,,,,,,,,,,,,,,,,,,,,,,,,,,VTX_US_BU,END
,MCC_LEGACY123456789123456,ImpInvoice,30 Net,2020/09/14,2020/09/14,CN091420A07,,,,,,,,,,,,9001,11001,,9001,24008,,,LINE,Exempt Cust 1 Line Inv - NY,USD,User,2020/09/14,1.0,1000.0,1.0,,1000.0,,LEGACY,CN091420Z08584756,1.0,1.0,,,,,,,,,,,,TEST090320.16,,,RIUS104111,,,,,,,,,,,,,,,,,,,,,,US,,,,,,,,,,,,,,,,,,,,,,,,,,,,,,,,,,,,,,,,,,,,,,,,,,,,,,,,,,,,,,,,,,,,,,,,,,,,,,,,,,,,,,,,,,,,,,,,,,,,,,,,,,,,,,,,,,,,,,,,,,,,,,,,,,,,,,,,,,,,,,,,,,,,,,,,,,,,,,,,,,,,,,,,,,,,,,,,,,,,,,,,,,,,,,,,,,,,,,,,,,,,,,,,,,VTX_US_BU,END
,MCC_LEGACY123456789123456,ImpInvoice,30 Net,2020/09/14,2020/09/14,CN091420A08,,,,,,,,,,,,8004,9020,,8004,10002,,,LINE,CT,USD,User,2020/09/14,1.0,1000.0,1.0,,1000.0,,LEGACY,CN091420Z08584755,1.0,1.0,,,,,,,,,,,,TEST090320.17,,,RIUS104111,,,,,,zzu,,,,,,,,,,,,,,,,US,,,,,,,,,,,,,,,,,,,,,,,,,,,,,,,,,,,,,,,,,,,,,,,,,,,,,,,,,,,,,,,,,,,,,,,,,,,,,,,,,,,,,,,,,Item001,,,,,,,,,,,,,,,,,,,,,,,,,,,,,,,,,,,,,,,,,,,,,,,,,,,,,,,,,,,,,,,,,,,,,,,,,,,,,,,,,,,,,,,,,,,,,,,,,,,,,,,,,,,,,,,,,,,,,,,,,VTX_US_BU,END
,MCC_LEGACY123456789123456,ImpInvoice,30 Net,2020/09/14,2020/09/14,CN091420A08,,,,,,,,,,,,8004,9020,,8004,10002,,,LINE,CT,USD,User,2020/09/14,1.0,1000.0,1.0,,1000.0,,LEGACY,CN091420Z08584755,2.0,1.0,,,,,,,,,,,,TEST090320.18,,,RIUS104111,,,,,,zzu,,,,,,,,,,,,,,,,US,,,,,,,,,,,,,,,,,,,,,,,,,,,,,,,,,,,,,,,,,,,,,,,,,,,,,,,,,,,,,,,,,,,,,,,,,,,,,,,,,,,,,,,,,Item002_CS,,,,,,,,,,,,,,,,,,,,,,,,,,,,,,,,,,,,,,,,,,,,,,,,,,,,,,,,,,,,,,,,,,,,,,,,,,,,,,,,,,,,,,,,,,,,,,,,,,,,,,,,,,,,,,,,,,,,,,,,,VTX_US_BU,END
,MCC_LEGACY123456789123456,ImpInvoice,30 Net,2020/09/14,2020/09/14,CN091420A08,,,,,,,,,,,,8004,9020,,8004,10002,,,LINE,CT,USD,User,2020/09/14,1.0,1000.0,1.0,,1000.0,,LEGACY,CN091420Z08584755,3.0,1.0,,,,,,,,,,,,TEST090320.19,,,RIUS104111,,,,,,zzu,,,,,,,,,,,,,,,,US,,,,,,,,,,,,,,,,,,,,,,,,,,,,,,,,,,,,,,,,,,,,,,,,,,,,,,,,,,,,,,,,,,,,,,,,,,,,,,,,,,,,,,,,,Software,,,,,,,,,,,,,,,,,,,,,,,,,,,,,,,,,,,,,,,,,,,,,,,,,,,,,,,,,,,,,,,,,,,,,,,,,,,,,,,,,,,,,,,,,,,,,,,,,,,,,,,,,,,,,,,,,,,,,,,,,VTX_US_BU,END
,MCC_LEGACY123456789123456,ImpInvoice,30 Net,2020/09/14,2020/09/14,CN091420A09,,,,,,,,,,,,8004,9020,,8004,16012,,,LINE,FL Max Tax,USD,User,2020/09/14,1.0,10000.0,1.0,,10000.0,,LEGACY,CN091420Z08584758,1.0,1.0,,,,,,,,,,,,TEST090320.20,,,RIUS104111,,,,,,,,,,,,,,,,,,,,,,US,,,,,,,,,,,,,,,,,,,,,,,,,,,,,,,,,,,,,,,,,,,,,,,,,,,,,,,,,,,,,,,,,,,,,,,,,,,,,,,,,,,,,,,,,,,,,,,,,,,,,,,,,,,,,,,,,,,,,,,,,,,,,,,,,,,,,,,,,,,,,,,,,,,,,,,,,,,,,,,,,,,,,,,,,,,,,,,,,,,,,,,,,,,,,,,,,,,,,,,,,,,,,,,,,,VTX_US_BU,END
,MCC_LEGACY123456789123456,ImpInvoice,30 Net,2020/09/14,2020/09/14,CN091420A10_DEC,,,,,,,,,,,,8004,9020,,8004,9020,,,LINE,7 decimals,USD,User,2020/09/14,1.0,58976.543,10000.0,,5.8976543,,LEGACY,CN091420DEC08584756,1.0,1.0,,,,,,,,,,,,TEST090320.21,,,RIUS104111,,,,,,,,,,,,,,,,,,,,,,US,,,,,,,,,,,,,,,,,,,,,,,,,,,,,,,,,,,,,,,,,,,,,,,,,,,,,,,,,,,,,,,,,,,,,,,,,,,,,,,,,,,,,,,,,,,,,,,,,,,,,,,,,,,,,,,,,,,,,,,,,,,,,,,,,,,,,,,,,,,,,,,,,,,,,,,,,,,,,,,,,,,,,,,,,,,,,,,,,,,,,,,,,,,,,,,,,,,,,,,,,,,,,,,,,,VTX_US_BU,END
,MCC_LEGACY123456789123456,ImpInvoice,30 Net,2020/09/14,2020/09/14,CN091420A11_DEC1,,,,,,,,,,,,8004,9020,,8004,9020,,,LINE,7 decimals - unit price,USD,User,2020/09/14,1.0,58976.549,10000.0,,5.8976549,,LEGACY,CN091420DEC08584757,1.0,1.0,,,,,,,,,,,,TEST090320.22,,,RIUS104111,,,,,,,,,,,,,,,,,,,,,,US,,,,,,,,,,,,,,,,,,,,,,,,,,,,,,,,,,,,,,,,,,,,,,,,,,,,,,,,,,,,,,,,,,,,,,,,,,,,,,,,,,,,,,,,,,,,,,,,,,,,,,,,,,,,,,,,,,,,,,,,,,,,,,,,,,,,,,,,,,,,,,,,,,,,,,,,,,,,,,,,,,,,,,,,,,,,,,,,,,,,,,,,,,,,,,,,,,,,,,,,,,,,,,,,,,VTX_US_BU,END
,MCC_LEGACY123456789123456,ImpInvoice,30 Net,2020/09/14,2020/09/14,CN091420A12_DEC2,,,,,,,,,,,,8004,9020,,8004,9020,,,LINE,7 decimals - uqty,USD,User,2020/09/14,1.0,58976.549,5.8976549,,10000.0,,LEGACY,CN091420DEC08584758,1.0,1.0,,,,,,,,,,,,TEST090320.23,,,RIUS104111,,,,,,,,,,,,,,,,,,,,,,US,,,,,,,,,,,,,,,,,,,,,,,,,,,,,,,,,,,,,,,,,,,,,,,,,,,,,,,,,,,,,,,,,,,,,,,,,,,,,,,,,,,,,,,,,,,,,,,,,,,,,,,,,,,,,,,,,,,,,,,,,,,,,,,,,,,,,,,,,,,,,,,,,,,,,,,,,,,,,,,,,,,,,,,,,,,,,,,,,,,,,,,,,,,,,,,,,,,,,,,,,,,,,,,,,,VTX_US_BU,END
,MCC_LEGACY123456789123456,ImpInvoice,30 Net,2020/09/14,2020/09/14,CN091420A13_CURR,,,,,,,,,,,,35004,39079,,35004,39079,,,LINE,7 decimals - currency,JPY,Corporate,2020/09/14,,1000.0,1.0,,1000.0,,LEGACY,CN091420DEC08584759,1.0,1.0,,,,,,,,,,,,TEST090320.24,,,RIUS104111,,,,,,,,,,,,,,,,,,,,,,US,,,,,,,,,,,,,,,,,,,,,,,,,,,,,,,,,,,,,,,,,,,,,,,,,,,,,,,,,,,,,,,,,,,,,,,,,,,,,,,,,,,,,,,,,,,,,,,,,,,,,,,,,,,,,,,,,,,,,,,,,,,,,,,,,,,,,,,,,,,,,,,,,,,,,,,,,,,,,,,,,,,,,,,,,,,,,,,,,,,,,,,,,,,,,,,,,,,,,,,,,,,,,,,,,,VTX_US_BU,END
,MCC_LEGACY123456789123456,ImpInvoice,30 Net,2020/09/14,2020/09/14,CN091420A14_EXT,,,,,,,,,,,,8004,9020,,8004,9020,,,LINE,Extended price - 14 digits,USD,User,2020/09/14,1.0,2.0180111091534E13,1.0,,,,LEGACY,CN091420DIG08584760,1.0,1.0,,,,,,,,,,,,TEST090320.25,,,RIUS104111,,,,,,,,,,,,,,,,,,,,,,US,,,,,,,,,,,,,,,,,,,,,,,,,,,,,,,,,,,,,,,,,,,,,,,,,,,,,,,,,,,,,,,,,,,,,,,,,,,,,,,,,,,,,,,,,,,,,,,,,,,,,,,,,,,,,,,,,,,,,,,,,,,,,,,,,,,,,,,,,,,,,,,,,,,,,,,,,,,,,,,,,,,,,,,,,,,,,,,,,,,,,,,,,,,,,,,,,,,,,,,,,,,,,,,,,,VTX_US_BU,END
,MCC_LEGACY123456789123456,ImpInvoice,30 Net,2020/09/14,2020/09/14,CN091420A15_QTY,,,,,,,,,,,,8004,9020,,8004,9020,,,LINE,Qty 14 digits,USD,User,2020/09/14,1.0,2.0180111091534E13,2.0180111091534E13,,1.0,,LEGACY,CN091420DIG08584761,1.0,1.0,,,,,,,,,,,,TEST090320.26,,,RIUS104111,,,,,,,,,,,,,,,,,,,,,,US,,,,,,,,,,,,,,,,,,,,,,,,,,,,,,,,,,,,,,,,,,,,,,,,,,,,,,,,,,,,,,,,,,,,,,,,,,,,,,,,,,,,,,,,,,,,,,,,,,,,,,,,,,,,,,,,,,,,,,,,,,,,,,,,,,,,,,,,,,,,,,,,,,,,,,,,,,,,,,,,,,,,,,,,,,,,,,,,,,,,,,,,,,,,,,,,,,,,,,,,,,,,,,,,,,VTX_US_BU,END
,MCC_LEGACY123456789123456,ImpInvoice,30 Net,2020/09/14,2020/09/14,CN091420A16_AV,,,,,,,,,,,,8004,9020,,8004,9020,,,LINE,Assessable value - 14 digits,USD,User,2020/09/14,1.0,100.0,1.0,,100.0,,LEGACY,CN091420DIG08584762,1.0,1.0,,,,,,,,,,,,TEST090320.27,,,RIUS104111,,,,,,,,,,,,,,,,,,,,2.0180111091534E13,,US,,,,,,,,,,,,,,,,,,,,,,,,,,,,,,,,,,,,,,,,,,,,,,,,,,,,,,,,,,,,,,,,,,,,,,,,,,,,,,,,,,,,,,,,,,,,,,,,,,,,,,,,,,,,,,,,,,,,,,,,,,,,,,,,,,,,,,,,,,,,,,,,,,,,,,,,,,,,,,,,,,,,,,,,,,,,,,,,,,,,,,,,,,,,,,,,,,,,,,,,,,,,,,,,,,VTX_US_BU,END
,MCC_LEGACY123456789123456,ImpInvoice,30 Net,2020/09/14,2020/09/14,CN091420EC1006A01,,,,,,,,,,,,38004,52040,,38004,52040,,,LINE,This is a description with & symbols and & for good measure.  This has to be the max of 240 to test truncation.  Xxxxxxxxxxxxxxxxxxxxxxxxxxxxxxxxxxxxxxxxxxxxxxxxxxxxxxxxxxxxxxxxxxxxxxxxxxxxxxxxxxxxxxxxxxxxxxxxxxxxxxxxxxxxxxxxxxxxxxxxxxxxxxx,USD,User,2020/09/14,1.0,1000.0,1.0,,1000.0,,LEGACY,CN091420EC1006A01,1.0,1.0,,,,,,,,,,,,TEST090320.28,,,RIUS104111,,,,,,,,,,,,,,,,,,,,,,US,,,,,,,,,,,,,,,,,,,,,,,,,,,,,,,,,,,,,,,,,,,,,,,,,,,,,,,,,,,,,,,,,,,,,,,,,,,,,,,,,,,,,,,,,,,,,,,,,,,,,,,,,,,,,,,,,,,,,,,,,,,,,,,,,,,,,,,,,,,,,,,,,,,,,,,,,,,,,,,,,,,,,,,,,,,,,,,,,,,,,,,,,,,,,,,,,,,,,,,,,,,,,,,,,,VTX_US_BU,END
,MCC_LEGACY123456789123456,ImpInvoice,30 Net,2020/09/14,2020/09/14,CN091420EC892A01,,,,,,,,,,,,100000096,1110000091,,100000096,1110000096,,,LINE,Bad Address,USD,User,2020/09/14,1.0,1000.0,1.0,,1000.0,,LEGACY,CN091420EC892A01,1.0,1.0,,,,,,,,,,,,TEST090320.29,,,RIUS104111,,,,,,Ea,,,,,,,,,,,,,,,,US,,,,,,,,,,,,,,,,,,,,,,,,,,,,,,,,,,,,,,,,,,,,,,,,,,,,,,,,,,,,,,,,,,,,,,,,,,,,,,,,,,,,,,,,,,,,,,,,,,,,,,,,,,,,,,,,,,,,,,,,,,,,,,,,,,,,,,,,,,,,,,,,,,,,,,,,,,,,,,,,,,,,,,,,,,,,,,,,,,,,,,,,,,,,,,,,,,,,,,,,,,,,,,,,,,VTX_US_BU,END
,MCC_LEGACY123456789123456,ImpInvoice,30 Net,2020/09/14,2020/09/14,CN091420EC892A01,,,,,,,,,,,,100000096,1110000091,,100000096,1110000094,,,LINE,Multi-ship inv - FL,USD,User,2020/09/14,1.0,1000.0,1.0,,1000.0,,LEGACY,CN091420EC892A01,2.0,1.0,,,,,,,,,,,,TEST090320.30,,,RIUS104111,,,,,,Ea,,,,,,,,,,,,,,,,US,,,,,,,,,,,,,,,,,,,,,,,,,,,,,,,,,,,,,,,,,,,,,,,,,,,,,,,,,,,,,,,,,,,,,,,,,,,,,,,,,,,,,,,,,,,,,,,,,,,,,,,,,,,,,,,,,,,,,,,,,,,,,,,,,,,,,,,,,,,,,,,,,,,,,,,,,,,,,,,,,,,,,,,,,,,,,,,,,,,,,,,,,,,,,,,,,,,,,,,,,,,,,,,,,,VTX_US_BU,END
,MCC_LEGACY123456789123456,ImpInvoice,30 Net,2020/09/14,2020/09/14,CN091420EC892A01,,,,,,,,,,,,100000096,1110000091,,100000096,1110000091,,,LINE,Multi-ship inv - NY,USD,User,2020/09/14,1.0,1000.0,1.0,,1000.0,,LEGACY,CN091420EC892A01,3.0,1.0,,,,,,,,,,,,TEST090320.31,,,RIUS104111,,,,,,Ea,,,,,,,,,,,,,,,,US,,,,,,,,,,,,,,,,,,,,,,,,,,,,,,,,,,,,,,,,,,,,,,,,,,,,,,,,,,,,,,,,,,,,,,,,,,,,,,,,,,,,,,,,,,,,,,,,,,,,,,,,,,,,,,,,,,,,,,,,,,,,,,,,,,,,,,,,,,,,,,,,,,,,,,,,,,,,,,,,,,,,,,,,,,,,,,,,,,,,,,,,,,,,,,,,,,,,,,,,,,,,,,,,,,VTX_US_BU,END
,MCC_LEGACY123456789123456,ImpInvoice,30 Net,2020/09/14,2020/09/14,CN091420EC892A01,,,,,,,,,,,,100000096,1110000091,,100000096,1110000096,,,LINE,Bad Address,USD,User,2020/09/14,1.0,1000.0,1.0,,1000.0,,LEGACY,CN091420EC892A01,4.0,1.0,,,,,,,,,,,,TEST090320.32,,,RIUS104111,,,,,,Ea,,,,,,,,,,,,,,,,US,,,,,,,,,,,,,,,,,,,,,,,,,,,,,,,,,,,,,,,,,,,,,,,,,,,,,,,,,,,,,,,,,,,,,,,,,,,,,,,,,,,,,,,,,,,,,,,,,,,,,,,,,,,,,,,,,,,,,,,,,,,,,,,,,,,,,,,,,,,,,,,,,,,,,,,,,,,,,,,,,,,,,,,,,,,,,,,,,,,,,,,,,,,,,,,,,,,,,,,,,,,,,,,,,,VTX_US_BU,END
,MCC_LEGACY123456789123456,ImpInvoice,30 Net,2020/09/14,2020/09/14,CN091420WTAX1,,,,,,,,,,,,100000096,1110000091,,100000096,1110000093,,,LINE,Invoice with Tax - TN,USD,User,2020/09/14,1.0,10000.0,1.0,,10000.0,,LEGACY,CN091420Z08584762,1.0,1.0,,,,,,,,,,,,TEST090320.33,,,RIUS104111,,,,,,Ea,,,,,,,,,,,,,,,,US,,,,,,,,,,,,,,,,,,,,,,,,,,,,,,,,,,,,,,,,,,,,,,,,,,,,,,,,,,,,,,,,,,,,,,,,,,,,,,,,,,,,,,,,,,,,,,,,,,,,,,,,,,,,,,,,,,,,,,,,,,,,,,,,,,,,,,,,,,,,,,,,,,,,,,,,,,,,,,,,,,,,,,,,,,,,,,,,,,,,,,,,,,,,,,,,,,,,,,,,,,,,,,,,,,VTX_US_BU,END
,MCC_LEGACY123456789123456,ImpInvoice,30 Net,2020/09/14,2020/09/14,CN091420WTAX1,,,,,,,,,,,,100000096,1110000091,,100000096,1110000093,,,TAX,Tax,USD,User,2020/09/14,1.0,700.0,,,,,LEGACY,CN091420Z08584762,2.0,1.0,,,,,,,,,,,,TEST090320.34,,,RIUS104111,,,,,,,,,,,,,,,,,,,,,,,,,2020/09/14,VERTEX US TAX,STATE,STANDARD,STD,ST-VTL-430000000,,,,10000.0,Y,,,,,,,,,,7.0,,,,,,,,,,,,,,LEGACY,CN091420Z08584762,1.0,1.0,,,,,,,,,,,,,,,,,,,,,,,,,,,,,,,,,,,,,,,,,,,,,,,,,,,,,,,,,,,,,,,,,,,,,,,,,,,,,,,,,,,,,,,,,,,,,,,,,,,,,,,,,,,,,,,,,,,,,,,,,,,,,,,,,,,,,,,,,,,,,,,,,,,,,,,,,,,,,,,,,,,,,,,,,,VTX_US_BU,END
,MCC_LEGACY123456789123456,ImpInvoice,30 Net,2020/09/14,2020/09/14,CN091420CANINV01,,,,,,,,,,,,25004,28005,,25004,28011,,,LINE,QC - 1 line invoice,USD,User,2020/09/14,1.0,1000.0,2.0,,500.0,,LEGACY,CN091420CANA000001,1.0,1.0,,,,,,,,,,,,TEST090320.35,,,RIUS108111,,,,,,zzu,,,,,,,,,,,,,,,,US,,,,,,,,,,,,,,,,,,,,,,,,,,,,,,,,,,,,,,,,,,,,,,,,,,,,,,,,,,,,,,,,,,,,,,,,,,,,,,,,,,,,,,,,,Item001,,,,,,,,,,,,,,,,,,,,,,,,,,,,,,,,,,,,,,,,,,,,,,,,,,,,,,,,,,,,,,,,,,,,,,,,,,,,,,,,,,,,,,,,,,,,,,,,,,,,,,,,,,,,,,,,,,,,,,,,,VTX_US_BU,END
,MCC_LEGACY123456789123456,ImpInvoice,30 Net,2020/09/14,2020/09/14,CN091420CANINV02,,,,,,,,,,,,25004,28005,,25004,28009,,,LINE,NB - 1 line invoice,USD,User,2020/09/14,1.0,1000.0,2.0,,500.0,,LEGACY,CN091420CANA000002,1.0,1.0,,,,,,,,,,,,TEST090320.36,,,RIUS108111,,,,,,zzu,,,,,,,,,,,,,,,,US,,,,,,,,,,,,,,,,,,,,,,,,,,,,,,,,,,,,,,,,,,,,,,,,,,,,,,,,,,,,,,,,,,,,,,,,,,,,,,,,,,,,,,,,,Item001,,,,,,,,,,,,,,,,,,,,,,,,,,,,,,,,,,,,,,,,,,,,,,,,,,,,,,,,,,,,,,,,,,,,,,,,,,,,,,,,,,,,,,,,,,,,,,,,,,,,,,,,,,,,,,,,,,,,,,,,,VTX_US_BU,END
,MCC_LEGACY123456789123456,ImpInvoice,30 Net,2020/09/14,2020/09/14,CN091420CANINV03,,,,,,,,,,,,25004,28005,,25004,28008,,,LINE,BC - 1 line invoice,USD,User,2020/09/14,1.0,1000.0,2.0,,500.0,,LEGACY,CN091420CANA000003,1.0,1.0,,,,,,,,,,,,TEST090320.37,,,RIUS108111,,,,,,zzu,,,,,,,,,,,,,,,,US,,,,,,,,,,,,,,,,,,,,,,,,,,,,,,,,,,,,,,,,,,,,,,,,,,,,,,,,,,,,,,,,,,,,,,,,,,,,,,,,,,,,,,,,,Item001,,,,,,,,,,,,,,,,,,,,,,,,,,,,,,,,,,,,,,,,,,,,,,,,,,,,,,,,,,,,,,,,,,,,,,,,,,,,,,,,,,,,,,,,,,,,,,,,,,,,,,,,,,,,,,,,,,,,,,,,,VTX_US_BU,END
,MCC_LEGACY123456789123456,ImpInvoice,30 Net,2020/09/14,2020/09/14,CN091420CANINV04,,,,,,,,,,,,25004,28005,,25004,28007,,,LINE,AB - 1 line invoice,USD,User,2020/09/14,1.0,1000.0,2.0,,500.0,,LEGACY,CN091420CANA000004,1.0,1.0,,,,,,,,,,,,TEST090320.38,,,RIUS108111,,,,,,zzu,,,,,,,,,,,,,,,,US,,,,,,,,,,,,,,,,,,,,,,,,,,,,,,,,,,,,,,,,,,,,,,,,,,,,,,,,,,,,,,,,,,,,,,,,,,,,,,,,,,,,,,,,,Item001,,,,,,,,,,,,,,,,,,,,,,,,,,,,,,,,,,,,,,,,,,,,,,,,,,,,,,,,,,,,,,,,,,,,,,,,,,,,,,,,,,,,,,,,,,,,,,,,,,,,,,,,,,,,,,,,,,,,,,,,,VTX_US_BU,END
,MCC_LEGACY123456789123456,ImpInvoice,30 Net,2020/09/14,2020/09/14,CN091420CANINV05,,,,,,,,,,,,25004,28005,,25004,28010,,,LINE,ON - 1 line invoice,USD,User,2020/09/14,1.0,1000.0,2.0,,500.0,,LEGACY,CN091420CANA000005,1.0,1.0,,,,,,,,,,,,TEST090320.39,,,RIUS108111,,,,,,zzu,,,,,,,,,,,,,,,,US,,,,,,,,,,,,,,,,,,,,,,,,,,,,,,,,,,,,,,,,,,,,,,,,,,,,,,,,,,,,,,,,,,,,,,,,,,,,,,,,,,,,,,,,,Item001,,,,,,,,,,,,,,,,,,,,,,,,,,,,,,,,,,,,,,,,,,,,,,,,,,,,,,,,,,,,,,,,,,,,,,,,,,,,,,,,,,,,,,,,,,,,,,,,,,,,,,,,,,,,,,,,,,,,,,,,,VTX_US_BU,END
,MCC_LEGACY123456789123456,ImpInvoice,30 Net,2020/09/14,2020/09/14,CN091420CANINV06,,,,,,,,,,,,25004,28005,,25004,28005,,,LINE,MB - 1 line invoice,USD,User,2020/09/14,1.0,1000.0,2.0,,500.0,,LEGACY,CN091420CANA000006,1.0,1.0,,,,,,,,,,,,TEST090320.40,,,RIUS108111,,,,,,zzu,,,,,,,,,,,,,,,,US,,,,,,,,,,,,,,,,,,,,,,,,,,,,,,,,,,,,,,,,,,,,,,,,,,,,,,,,,,,,,,,,,,,,,,,,,,,,,,,,,,,,,,,,,Item001,,,,,,,,,,,,,,,,,,,,,,,,,,,,,,,,,,,,,,,,,,,,,,,,,,,,,,,,,,,,,,,,,,,,,,,,,,,,,,,,,,,,,,,,,,,,,,,,,,,,,,,,,,,,,,,,,,,,,,,,,VTX_US_BU,END
,MCC_LEGACY123456789123456,ImpInvoice,30 Net,2020/09/14,2020/09/14,CN091420CANINV07,,,,,,,,,,,,25004,28005,,25004,28011,,,LINE,QC - 1 line invoice with recycling fee,USD,User,2020/09/14,1.0,1000.0,2.0,,500.0,,LEGACY,CN091420CANA000007,1.0,1.0,,,,,,,,,,,,TEST090320.41,,,RIUS108111,,,,,,zzu,,,,,,,,,,,,,,,,US,,,,,,,,,,,,,,,,,,,,,,,,,,,,,,,,,,,,,,,,,,,,,,,,,,,,,,,,,,,,,,,,,,,,,,,,,,,,,,,,,,,,,,,,,Printer,,,,,,,,,,,,,,,,,,,,,,,,,,,,,,,,,,,,,,,,,,,,,,,,,,,,,,,,,,,,,,,,,,,,,,,,,,,,,,,,,,,,,,,,,,,,,,,,,,,,,,,,,,,,,,,,,,,,,,,,,VTX_US_BU,END
,MCC_LEGACY123456789123456,ImpInvoice,30 Net,2020/09/14,2020/09/14,CN091420CANINV08,,,,,,,,,,,,25004,28005,,25004,28009,,,LINE,NB - 1 line invoice with recycling fee,USD,User,2020/09/14,1.0,1000.0,1.0,,1000.0,,LEGACY,CN091420CANA000008,1.0,1.0,,,,,,,,,,,,TEST090320.42,,,RIUS108111,,,,,,zzu,,,,,,,,,,,,,,,,US,,,,,,,,,,,,,,,,,,,,,,,,,,,,,,,,,,,,,,,,,,,,,,,,,,,,,,,,,,,,,,,,,,,,,,,,,,,,,,,,,,,,,,,,,Printer,,,,,,,,,,,,,,,,,,,,,,,,,,,,,,,,,,,,,,,,,,,,,,,,,,,,,,,,,,,,,,,,,,,,,,,,,,,,,,,,,,,,,,,,,,,,,,,,,,,,,,,,,,,,,,,,,,,,,,,,,VTX_US_BU,END
,MCC_LEGACY123456789123456,ImpInvoice,30 Net,2020/09/14,2020/09/14,CN091420CANINV09,,,,,,,,,,,,25004,28005,,25004,28008,,,LINE,BC - 1 line invoice with recycling fee,USD,User,2020/09/14,1.0,1000.0,4.0,,250.0,,LEGACY,CN091420CANA000009,1.0,1.0,,,,,,,,,,,,TEST090320.43,,,RIUS108111,,,,,,zzu,,,,,,,,,,,,,,,,US,,,,,,,,,,,,,,,,,,,,,,,,,,,,,,,,,,,,,,,,,,,,,,,,,,,,,,,,,,,,,,,,,,,,,,,,,,,,,,,,,,,,,,,,,Printer,,,,,,,,,,,,,,,,,,,,,,,,,,,,,,,,,,,,,,,,,,,,,,,,,,,,,,,,,,,,,,,,,,,,,,,,,,,,,,,,,,,,,,,,,,,,,,,,,,,,,,,,,,,,,,,,,,,,,,,,,VTX_US_BU,END
,MCC_LEGACY123456789123456,ImpInvoice,30 Net,2020/09/14,2020/09/14,CN091420CANINV10,,,,,,,,,,,,25004,28005,,25004,28007,,,LINE,AB - 1 line invoice with recycling fee,USD,User,2020/09/14,1.0,1000.0,5.0,,200.0,,LEGACY,CN091420CANA000010,1.0,1.0,,,,,,,,,,,,TEST090320.44,,,RIUS108111,,,,,,zzu,,,,,,,,,,,,,,,,US,,,,,,,,,,,,,,,,,,,,,,,,,,,,,,,,,,,,,,,,,,,,,,,,,,,,,,,,,,,,,,,,,,,,,,,,,,,,,,,,,,,,,,,,,Printer,,,,,,,,,,,,,,,,,,,,,,,,,,,,,,,,,,,,,,,,,,,,,,,,,,,,,,,,,,,,,,,,,,,,,,,,,,,,,,,,,,,,,,,,,,,,,,,,,,,,,,,,,,,,,,,,,,,,,,,,,VTX_US_BU,END
,MCC_LEGACY123456789123456,ImpInvoice,30 Net,2020/09/14,2020/09/14,CN091420CANINV11,,,,,,,,,,,,25004,28005,,25004,28010,,,LINE,ON - 1 line invoice with recycling fee,USD,User,2020/09/14,1.0,1000.0,10.0,,100.0,,LEGACY,CN091420CANA000011,1.0,1.0,,,,,,,,,,,,TEST090320.45,,,RIUS108111,,,,,,zzu,,,,,,,,,,,,,,,,US,,,,,,,,,,,,,,,,,,,,,,,,,,,,,,,,,,,,,,,,,,,,,,,,,,,,,,,,,,,,,,,,,,,,,,,,,,,,,,,,,,,,,,,,,Printer,,,,,,,,,,,,,,,,,,,,,,,,,,,,,,,,,,,,,,,,,,,,,,,,,,,,,,,,,,,,,,,,,,,,,,,,,,,,,,,,,,,,,,,,,,,,,,,,,,,,,,,,,,,,,,,,,,,,,,,,,VTX_US_BU,END
,MCC_LEGACY123456789123456,ImpInvoice,30 Net,2020/09/14,2020/09/14,CN091420CANINV12,,,,,,,,,,,,25004,28005,,25004,28005,,,LINE,MB - 1 line invoice with recycling fee,USD,User,2020/09/14,1.0,1000.0,2.0,,500.0,,LEGACY,CN091420CANA000012,1.0,1.0,,,,,,,,,,,,TEST090320.46,,,RIUS108111,,,,,,zzu,,,,,,,,,,,,,,,,US,,,,,,,,,,,,,,,,,,,,,,,,,,,,,,,,,,,,,,,,,,,,,,,,,,,,,,,,,,,,,,,,,,,,,,,,,,,,,,,,,,,,,,,,,Printer,,,,,,,,,,,,,,,,,,,,,,,,,,,,,,,,,,,,,,,,,,,,,,,,,,,,,,,,,,,,,,,,,,,,,,,,,,,,,,,,,,,,,,,,,,,,,,,,,,,,,,,,,,,,,,,,,,,,,,,,,VTX_US_BU,END
,MCC_LEGACY123456789123456,ImpInvoice,30 Net,2020/09/14,2020/09/14,CN091420CANINV13,,,,,,,,,,,,26004,29005,,26004,29005,,,LINE,QC - 1 line exempt customer,USD,User,2020/09/14,1.0,1000.0,2.0,,500.0,,LEGACY,CN091420CANA000013,1.0,1.0,,,,,,,,,,,,TEST090320.47,,,RIUS108111,,,,,,zzu,,,,,,,,,,,,,,,,US,,,,,,,,,,,,,,,,,,,,,,,,,,,,,,,,,,,,,,,,,,,,,,,,,,,,,,,,,,,,,,,,,,,,,,,,,,,,,,,,,,,,,,,,,Item001,,,,,,,,,,,,,,,,,,,,,,,,,,,,,,,,,,,,,,,,,,,,,,,,,,,,,,,,,,,,,,,,,,,,,,,,,,,,,,,,,,,,,,,,,,,,,,,,,,,,,,,,,,,,,,,,,,,,,,,,,VTX_US_BU,END
,MCC_LEGACY123456789123456,ImpInvoice,30 Net,2020/09/14,2020/09/14,CN091420CANINV14,,,,,,,,,,,,26004,29005,,26004,29007,,,LINE,NB - 1 line exempt customer,USD,User,2020/09/14,1.0,1000.0,2.0,,500.0,,LEGACY,CN091420CANA000014,1.0,1.0,,,,,,,,,,,,TEST090320.48,,,RIUS108111,,,,,,zzu,,,,,,,,,,,,,,,,US,,,,,,,,,,,,,,,,,,,,,,,,,,,,,,,,,,,,,,,,,,,,,,,,,,,,,,,,,,,,,,,,,,,,,,,,,,,,,,,,,,,,,,,,,Item001,,,,,,,,,,,,,,,,,,,,,,,,,,,,,,,,,,,,,,,,,,,,,,,,,,,,,,,,,,,,,,,,,,,,,,,,,,,,,,,,,,,,,,,,,,,,,,,,,,,,,,,,,,,,,,,,,,,,,,,,,VTX_US_BU,END
,MCC_LEGACY123456789123456,ImpInvoice,30 Net,2020/09/14,2020/09/14,CN091420CANINV15,,,,,,,,,,,,26004,29005,,26004,29008,,,LINE,BC - 1 line exempt customer,USD,User,2020/09/14,1.0,1000.0,2.0,,500.0,,LEGACY,CN091420CANA000015,1.0,1.0,,,,,,,,,,,,TEST090320.49,,,RIUS108111,,,,,,zzu,,,,,,,,,,,,,,,,US,,,,,,,,,,,,,,,,,,,,,,,,,,,,,,,,,,,,,,,,,,,,,,,,,,,,,,,,,,,,,,,,,,,,,,,,,,,,,,,,,,,,,,,,,Item001,,,,,,,,,,,,,,,,,,,,,,,,,,,,,,,,,,,,,,,,,,,,,,,,,,,,,,,,,,,,,,,,,,,,,,,,,,,,,,,,,,,,,,,,,,,,,,,,,,,,,,,,,,,,,,,,,,,,,,,,,VTX_US_BU,END
,MCC_LEGACY123456789123456,ImpInvoice,30 Net,2020/09/14,2020/09/14,CN091420CANINV16,,,,,,,,,,,,26004,29005,,26004,29009,,,LINE,AB - 1 line exempt customer,USD,User,2020/09/14,1.0,1000.0,2.0,,500.0,,LEGACY,CN091420CANA000016,1.0,1.0,,,,,,,,,,,,TEST090320.50,,,RIUS108111,,,,,,zzu,,,,,,,,,,,,,,,,US,,,,,,,,,,,,,,,,,,,,,,,,,,,,,,,,,,,,,,,,,,,,,,,,,,,,,,,,,,,,,,,,,,,,,,,,,,,,,,,,,,,,,,,,,Item001,,,,,,,,,,,,,,,,,,,,,,,,,,,,,,,,,,,,,,,,,,,,,,,,,,,,,,,,,,,,,,,,,,,,,,,,,,,,,,,,,,,,,,,,,,,,,,,,,,,,,,,,,,,,,,,,,,,,,,,,,VTX_US_BU,END
,MCC_LEGACY123456789123456,ImpInvoice,30 Net,2020/09/14,2020/09/14,CN091420CANINV17,,,,,,,,,,,,25004,28005,,25004,28011,,,LINE,QC - multi-line invoice,USD,User,2020/09/14,1.0,1000.0,2.0,,500.0,,LEGACY,CN091420CANB000001,1.0,1.0,,,,,,,,,,,,TEST090320.51,,,RIUS108111,,,,,,zzu,,,,,,,,,,,,,,,,US,,,,,,,,,,,,,,,,,,,,,,,,,,,,,,,,,,,,,,,,,,,,,,,,,,,,,,,,,,,,,,,,,,,,,,,,,,,,,,,,,,,,,,,,,Item001,,,,,,,,,,,,,,,,,,,,,,,,,,,,,,,,,,,,,,,,,,,,,,,,,,,,,,,,,,,,,,,,,,,,,,,,,,,,,,,,,,,,,,,,,,,,,,,,,,,,,,,,,,,,,,,,,,,,,,,,,VTX_US_BU,END
,MCC_LEGACY123456789123456,ImpInvoice,30 Net,2020/09/14,2020/09/14,CN091420CANINV17,,,,,,,,,,,,25004,28005,,25004,28009,,,LINE,NB - multi-line invoice,USD,User,2020/09/14,1.0,1000.0,2.0,,500.0,,LEGACY,CN091420CANB000001,2.0,1.0,,,,,,,,,,,,TEST090320.52,,,RIUS108111,,,,,,zzu,,,,,,,,,,,,,,,,US,,,,,,,,,,,,,,,,,,,,,,,,,,,,,,,,,,,,,,,,,,,,,,,,,,,,,,,,,,,,,,,,,,,,,,,,,,,,,,,,,,,,,,,,,Item001,,,,,,,,,,,,,,,,,,,,,,,,,,,,,,,,,,,,,,,,,,,,,,,,,,,,,,,,,,,,,,,,,,,,,,,,,,,,,,,,,,,,,,,,,,,,,,,,,,,,,,,,,,,,,,,,,,,,,,,,,VTX_US_BU,END
,MCC_LEGACY123456789123456,ImpInvoice,30 Net,2020/09/14,2020/09/14,CN091420CANINV17,,,,,,,,,,,,25004,28005,,25004,28008,,,LINE,BC - multi-line invoice,USD,User,2020/09/14,1.0,1000.0,2.0,,500.0,,LEGACY,CN091420CANB000001,3.0,1.0,,,,,,,,,,,,TEST090320.53,,,RIUS108111,,,,,,zzu,,,,,,,,,,,,,,,,US,,,,,,,,,,,,,,,,,,,,,,,,,,,,,,,,,,,,,,,,,,,,,,,,,,,,,,,,,,,,,,,,,,,,,,,,,,,,,,,,,,,,,,,,,Item001,,,,,,,,,,,,,,,,,,,,,,,,,,,,,,,,,,,,,,,,,,,,,,,,,,,,,,,,,,,,,,,,,,,,,,,,,,,,,,,,,,,,,,,,,,,,,,,,,,,,,,,,,,,,,,,,,,,,,,,,,VTX_US_BU,END
,MCC_LEGACY123456789123456,ImpInvoice,30 Net,2020/09/14,2020/09/14,CN091420CANINV17,,,,,,,,,,,,25004,28005,,25004,28007,,,LINE,AB - multi-line invoice,USD,User,2020/09/14,1.0,1000.0,2.0,,500.0,,LEGACY,CN091420CANB000001,4.0,1.0,,,,,,,,,,,,TEST090320.54,,,RIUS108111,,,,,,zzu,,,,,,,,,,,,,,,,US,,,,,,,,,,,,,,,,,,,,,,,,,,,,,,,,,,,,,,,,,,,,,,,,,,,,,,,,,,,,,,,,,,,,,,,,,,,,,,,,,,,,,,,,,Item001,,,,,,,,,,,,,,,,,,,,,,,,,,,,,,,,,,,,,,,,,,,,,,,,,,,,,,,,,,,,,,,,,,,,,,,,,,,,,,,,,,,,,,,,,,,,,,,,,,,,,,,,,,,,,,,,,,,,,,,,,VTX_US_BU,END
,MCC_LEGACY123456789123456,ImpInvoice,30 Net,2020/09/14,2020/09/14,CN091420CANINV17,,,,,,,,,,,,25004,28005,,25004,28010,,,LINE,ON - multi-line invoice,USD,User,2020/09/14,1.0,1000.0,2.0,,500.0,,LEGACY,CN091420CANB000001,5.0,1.0,,,,,,,,,,,,TEST090320.55,,,RIUS108111,,,,,,zzu,,,,,,,,,,,,,,,,US,,,,,,,,,,,,,,,,,,,,,,,,,,,,,,,,,,,,,,,,,,,,,,,,,,,,,,,,,,,,,,,,,,,,,,,,,,,,,,,,,,,,,,,,,Item001,,,,,,,,,,,,,,,,,,,,,,,,,,,,,,,,,,,,,,,,,,,,,,,,,,,,,,,,,,,,,,,,,,,,,,,,,,,,,,,,,,,,,,,,,,,,,,,,,,,,,,,,,,,,,,,,,,,,,,,,,VTX_US_BU,END
,MCC_LEGACY123456789123456,ImpInvoice,30 Net,2020/09/14,2020/09/14,CN091420CANINV17,,,,,,,,,,,,25004,28005,,25004,28005,,,LINE,MB - multi-line invoice,USD,User,2020/09/14,1.0,1000.0,2.0,,500.0,,LEGACY,CN091420CANB000001,6.0,1.0,,,,,,,,,,,,TEST090320.56,,,RIUS108111,,,,,,zzu,,,,,,,,,,,,,,,,US,,,,,,,,,,,,,,,,,,,,,,,,,,,,,,,,,,,,,,,,,,,,,,,,,,,,,,,,,,,,,,,,,,,,,,,,,,,,,,,,,,,,,,,,,Item001,,,,,,,,,,,,,,,,,,,,,,,,,,,,,,,,,,,,,,,,,,,,,,,,,,,,,,,,,,,,,,,,,,,,,,,,,,,,,,,,,,,,,,,,,,,,,,,,,,,,,,,,,,,,,,,,,,,,,,,,,VTX_US_BU,END
,MCC_LEGACY123456789123456,ImpInvoice,30 Net,2020/09/14,2020/09/14,CN091420CANINV18,,,,,,,,,,,,25004,28005,,25004,28011,,,LINE,QC - multi-line invoice with recycling fee,USD,User,2020/09/14,1.0,1000.0,1.0,,1000.0,,LEGACY,CN091420CANB000002,1.0,1.0,,,,,,,,,,,,TEST090320.57,,,RIUS108111,,,,,,zzu,,,,,,,,,,,,,,,,US,,,,,,,,,,,,,,,,,,,,,,,,,,,,,,,,,,,,,,,,,,,,,,,,,,,,,,,,,,,,,,,,,,,,,,,,,,,,,,,,,,,,,,,,,Printer,,,,,,,,,,,,,,,,,,,,,,,,,,,,,,,,,,,,,,,,,,,,,,,,,,,,,,,,,,,,,,,,,,,,,,,,,,,,,,,,,,,,,,,,,,,,,,,,,,,,,,,,,,,,,,,,,,,,,,,,,VTX_US_BU,END
,MCC_LEGACY123456789123456,ImpInvoice,30 Net,2020/09/14,2020/09/14,CN091420CANINV18,,,,,,,,,,,,25004,28005,,25004,28009,,,LINE,NB - multi-line invoice with recycling fee,USD,User,2020/09/14,1.0,1000.0,2.0,,500.0,,LEGACY,CN091420CANB000002,2.0,1.0,,,,,,,,,,,,TEST090320.58,,,RIUS108111,,,,,,zzu,,,,,,,,,,,,,,,,US,,,,,,,,,,,,,,,,,,,,,,,,,,,,,,,,,,,,,,,,,,,,,,,,,,,,,,,,,,,,,,,,,,,,,,,,,,,,,,,,,,,,,,,,,Printer,,,,,,,,,,,,,,,,,,,,,,,,,,,,,,,,,,,,,,,,,,,,,,,,,,,,,,,,,,,,,,,,,,,,,,,,,,,,,,,,,,,,,,,,,,,,,,,,,,,,,,,,,,,,,,,,,,,,,,,,,VTX_US_BU,END
,MCC_LEGACY123456789123456,ImpInvoice,30 Net,2020/09/14,2020/09/14,CN091420CANINV18,,,,,,,,,,,,25004,28005,,25004,28008,,,LINE,BC - multi-line invoice with recycling fee,USD,User,2020/09/14,1.0,1000.0,4.0,,250.0,,LEGACY,CN091420CANB000002,3.0,1.0,,,,,,,,,,,,TEST090320.59,,,RIUS108111,,,,,,zzu,,,,,,,,,,,,,,,,US,,,,,,,,,,,,,,,,,,,,,,,,,,,,,,,,,,,,,,,,,,,,,,,,,,,,,,,,,,,,,,,,,,,,,,,,,,,,,,,,,,,,,,,,,Printer,,,,,,,,,,,,,,,,,,,,,,,,,,,,,,,,,,,,,,,,,,,,,,,,,,,,,,,,,,,,,,,,,,,,,,,,,,,,,,,,,,,,,,,,,,,,,,,,,,,,,,,,,,,,,,,,,,,,,,,,,VTX_US_BU,END
,MCC_LEGACY123456789123456,ImpInvoice,30 Net,2020/09/14,2020/09/14,CN091420CANINV18,,,,,,,,,,,,25004,28005,,25004,28007,,,LINE,AB - multi-line invoice with recycling fee,USD,User,2020/09/14,1.0,1000.0,5.0,,200.0,,LEGACY,CN091420CANB000002,4.0,1.0,,,,,,,,,,,,TEST090320.60,,,RIUS108111,,,,,,zzu,,,,,,,,,,,,,,,,US,,,,,,,,,,,,,,,,,,,,,,,,,,,,,,,,,,,,,,,,,,,,,,,,,,,,,,,,,,,,,,,,,,,,,,,,,,,,,,,,,,,,,,,,,Printer,,,,,,,,,,,,,,,,,,,,,,,,,,,,,,,,,,,,,,,,,,,,,,,,,,,,,,,,,,,,,,,,,,,,,,,,,,,,,,,,,,,,,,,,,,,,,,,,,,,,,,,,,,,,,,,,,,,,,,,,,VTX_US_BU,END
,MCC_LEGACY123456789123456,ImpInvoice,30 Net,2020/09/14,2020/09/14,CN091420CANINV18,,,,,,,,,,,,25004,28005,,25004,28010,,,LINE,ON - multi-line invoice with recycling fee,USD,User,2020/09/14,1.0,1000.0,10.0,,100.0,,LEGACY,CN091420CANB000002,5.0,1.0,,,,,,,,,,,,TEST090320.61,,,RIUS108111,,,,,,zzu,,,,,,,,,,,,,,,,US,,,,,,,,,,,,,,,,,,,,,,,,,,,,,,,,,,,,,,,,,,,,,,,,,,,,,,,,,,,,,,,,,,,,,,,,,,,,,,,,,,,,,,,,,Printer,,,,,,,,,,,,,,,,,,,,,,,,,,,,,,,,,,,,,,,,,,,,,,,,,,,,,,,,,,,,,,,,,,,,,,,,,,,,,,,,,,,,,,,,,,,,,,,,,,,,,,,,,,,,,,,,,,,,,,,,,VTX_US_BU,END
,MCC_LEGACY123456789123456,ImpInvoice,30 Net,2020/09/14,2020/09/14,CN091420CANINV18,,,,,,,,,,,,25004,28005,,25004,28005,,,LINE,MB - multi-line invoice with recycling fee,USD,User,2020/09/14,1.0,1000.0,2.0,,500.0,,LEGACY,CN091420CANB000002,6.0,1.0,,,,,,,,,,,,TEST090320.62,,,RIUS108111,,,,,,zzu,,,,,,,,,,,,,,,,US,,,,,,,,,,,,,,,,,,,,,,,,,,,,,,,,,,,,,,,,,,,,,,,,,,,,,,,,,,,,,,,,,,,,,,,,,,,,,,,,,,,,,,,,,Printer,,,,,,,,,,,,,,,,,,,,,,,,,,,,,,,,,,,,,,,,,,,,,,,,,,,,,,,,,,,,,,,,,,,,,,,,,,,,,,,,,,,,,,,,,,,,,,,,,,,,,,,,,,,,,,,,,,,,,,,,,VTX_US_BU,END
,MCC_LEGACY123456789123456,ImpInvoice,30 Net,2020/09/14,2020/09/14,CN091420CANINV19,,,,,,,,,,,,26004,29005,,26004,29005,,,LINE,QC - multi-line exempt customer,USD,User,2020/09/14,1.0,1000.0,2.0,,500.0,,LEGACY,CN091420CANB000003,1.0,1.0,,,,,,,,,,,,TEST090320.63,,,RIUS108111,,,,,,zzu,,,,,,,,,,,,,,,,US,,,,,,,,,,,,,,,,,,,,,,,,,,,,,,,,,,,,,,,,,,,,,,,,,,,,,,,,,,,,,,,,,,,,,,,,,,,,,,,,,,,,,,,,,Item001,,,,,,,,,,,,,,,,,,,,,,,,,,,,,,,,,,,,,,,,,,,,,,,,,,,,,,,,,,,,,,,,,,,,,,,,,,,,,,,,,,,,,,,,,,,,,,,,,,,,,,,,,,,,,,,,,,,,,,,,,VTX_US_BU,END
,MCC_LEGACY123456789123456,ImpInvoice,30 Net,2020/09/14,2020/09/14,CN091420CANINV19,,,,,,,,,,,,26004,29005,,26004,29007,,,LINE,NB - multi-line exempt customer,USD,User,2020/09/14,1.0,1000.0,2.0,,500.0,,LEGACY,CN091420CANB000003,2.0,1.0,,,,,,,,,,,,TEST090320.64,,,RIUS108111,,,,,,zzu,,,,,,,,,,,,,,,,US,,,,,,,,,,,,,,,,,,,,,,,,,,,,,,,,,,,,,,,,,,,,,,,,,,,,,,,,,,,,,,,,,,,,,,,,,,,,,,,,,,,,,,,,,Item001,,,,,,,,,,,,,,,,,,,,,,,,,,,,,,,,,,,,,,,,,,,,,,,,,,,,,,,,,,,,,,,,,,,,,,,,,,,,,,,,,,,,,,,,,,,,,,,,,,,,,,,,,,,,,,,,,,,,,,,,,VTX_US_BU,END
,MCC_LEGACY123456789123456,ImpInvoice,30 Net,2020/09/14,2020/09/14,CN091420CANINV19,,,,,,,,,,,,26004,29005,,26004,29008,,,LINE,BC - multi-line exempt customer,USD,User,2020/09/14,1.0,1000.0,2.0,,500.0,,LEGACY,CN091420CANB000003,3.0,1.0,,,,,,,,,,,,TEST090320.65,,,RIUS108111,,,,,,zzu,,,,,,,,,,,,,,,,US,,,,,,,,,,,,,,,,,,,,,,,,,,,,,,,,,,,,,,,,,,,,,,,,,,,,,,,,,,,,,,,,,,,,,,,,,,,,,,,,,,,,,,,,,Item001,,,,,,,,,,,,,,,,,,,,,,,,,,,,,,,,,,,,,,,,,,,,,,,,,,,,,,,,,,,,,,,,,,,,,,,,,,,,,,,,,,,,,,,,,,,,,,,,,,,,,,,,,,,,,,,,,,,,,,,,,VTX_US_BU,END
,MCC_LEGACY123456789123456,ImpInvoice,30 Net,2020/09/14,2020/09/14,CN091420CANINV19,,,,,,,,,,,,26004,29005,,26004,29009,,,LINE,AB - multi-line exempt customer,USD,User,2020/09/14,1.0,1000.0,2.0,,500.0,,LEGACY,CN091420CANB000003,4.0,1.0,,,,,,,,,,,,TEST090320.66,,,RIUS108111,,,,,,zzu,,,,,,,,,,,,,,,,US,,,,,,,,,,,,,,,,,,,,,,,,,,,,,,,,,,,,,,,,,,,,,,,,,,,,,,,,,,,,,,,,,,,,,,,,,,,,,,,,,,,,,,,,,Item001,,,,,,,,,,,,,,,,,,,,,,,,,,,,,,,,,,,,,,,,,,,,,,,,,,,,,,,,,,,,,,,,,,,,,,,,,,,,,,,,,,,,,,,,,,,,,,,,,,,,,,,,,,,,,,,,,,,,,,,,,VTX_US_BU,END
,MCC_LEGACY123456789123456,ImpInvoice,30 Net,2020/09/14,2020/09/14,CN091420CANINV20,,,,,,,,,,,,25004,28005,,25004,28011,,,LINE,QC - multi-line invoice,USD,User,2020/09/14,1.0,1000.0,2.0,,500.0,,LEGACY,CN091420CANC000001,1.0,1.0,,,,,,,,,,,,TEST090320.67,,,RIUS108111,,,,,,zzu,,,,,,,,,,,,,,,,US,,,,,,,,,,,,,,,,,,,,,,,,,,,,,,,,,,,,,,,,,,,,,,,,,,,,,,,,,,,,,,,,,,,,,,,,,,,,,,,,,,,,,,,,,Item001,,,,,,,,,,,,,,,,,,,,,,,,,,,,,,,,,,,,,,,,,,,,,,,,,,,,,,,,,,,,,,,,,,,,,,,,,,,,,,,,,,,,,,,,,,,,,,,,,,,,,,,,,,,,,,,,,,,,,,,,,VTX_US_BU,END
,MCC_LEGACY123456789123456,ImpInvoice,30 Net,2020/09/14,2020/09/14,CN091420CANINV20,,,,,,,,,,,,25004,28005,,25004,28009,,,LINE,NB - multi-line invoice,USD,User,2020/09/14,1.0,1000.0,2.0,,500.0,,LEGACY,CN091420CANC000001,2.0,1.0,,,,,,,,,,,,TEST090320.68,,,RIUS108111,,,,,,zzu,,,,,,,,,,,,,,,,US,,,,,,,,,,,,,,,,,,,,,,,,,,,,,,,,,,,,,,,,,,,,,,,,,,,,,,,,,,,,,,,,,,,,,,,,,,,,,,,,,,,,,,,,,Item001,,,,,,,,,,,,,,,,,,,,,,,,,,,,,,,,,,,,,,,,,,,,,,,,,,,,,,,,,,,,,,,,,,,,,,,,,,,,,,,,,,,,,,,,,,,,,,,,,,,,,,,,,,,,,,,,,,,,,,,,,VTX_US_BU,END
,MCC_LEGACY123456789123456,ImpInvoice,30 Net,2020/09/14,2020/09/14,CN091420CANINV20,,,,,,,,,,,,25004,28005,,25004,28008,,,LINE,BC - multi-line invoice,USD,User,2020/09/14,1.0,1000.0,2.0,,500.0,,LEGACY,CN091420CANC000001,3.0,1.0,,,,,,,,,,,,TEST090320.69,,,RIUS108111,,,,,,zzu,,,,,,,,,,,,,,,,US,,,,,,,,,,,,,,,,,,,,,,,,,,,,,,,,,,,,,,,,,,,,,,,,,,,,,,,,,,,,,,,,,,,,,,,,,,,,,,,,,,,,,,,,,Item001,,,,,,,,,,,,,,,,,,,,,,,,,,,,,,,,,,,,,,,,,,,,,,,,,,,,,,,,,,,,,,,,,,,,,,,,,,,,,,,,,,,,,,,,,,,,,,,,,,,,,,,,,,,,,,,,,,,,,,,,,VTX_US_BU,END
,MCC_LEGACY123456789123456,ImpInvoice,30 Net,2020/09/14,2020/09/14,CN091420CANINV20,,,,,,,,,,,,25004,28005,,25004,28007,,,LINE,AB - multi-line invoice,USD,User,2020/09/14,1.0,1000.0,2.0,,500.0,,LEGACY,CN091420CANC000001,4.0,1.0,,,,,,,,,,,,TEST090320.70,,,RIUS108111,,,,,,zzu,,,,,,,,,,,,,,,,US,,,,,,,,,,,,,,,,,,,,,,,,,,,,,,,,,,,,,,,,,,,,,,,,,,,,,,,,,,,,,,,,,,,,,,,,,,,,,,,,,,,,,,,,,Item001,,,,,,,,,,,,,,,,,,,,,,,,,,,,,,,,,,,,,,,,,,,,,,,,,,,,,,,,,,,,,,,,,,,,,,,,,,,,,,,,,,,,,,,,,,,,,,,,,,,,,,,,,,,,,,,,,,,,,,,,,VTX_US_BU,END
,MCC_LEGACY123456789123456,ImpInvoice,30 Net,2020/09/14,2020/09/14,CN091420CANINV20,,,,,,,,,,,,25004,28005,,25004,28010,,,LINE,ON - multi-line invoice,USD,User,2020/09/14,1.0,1000.0,2.0,,500.0,,LEGACY,CN091420CANC000001,5.0,1.0,,,,,,,,,,,,TEST090320.71,,,RIUS108111,,,,,,zzu,,,,,,,,,,,,,,,,US,,,,,,,,,,,,,,,,,,,,,,,,,,,,,,,,,,,,,,,,,,,,,,,,,,,,,,,,,,,,,,,,,,,,,,,,,,,,,,,,,,,,,,,,,Item001,,,,,,,,,,,,,,,,,,,,,,,,,,,,,,,,,,,,,,,,,,,,,,,,,,,,,,,,,,,,,,,,,,,,,,,,,,,,,,,,,,,,,,,,,,,,,,,,,,,,,,,,,,,,,,,,,,,,,,,,,VTX_US_BU,END
,MCC_LEGACY123456789123456,ImpInvoice,30 Net,2020/09/14,2020/09/14,CN091420CANINV20,,,,,,,,,,,,25004,28005,,25004,28005,,,LINE,MB - multi-line invoice,USD,User,2020/09/14,1.0,1000.0,2.0,,500.0,,LEGACY,CN091420CANC000001,6.0,1.0,,,,,,,,,,,,TEST090320.72,,,RIUS108111,,,,,,zzu,,,,,,,,,,,,,,,,US,,,,,,,,,,,,,,,,,,,,,,,,,,,,,,,,,,,,,,,,,,,,,,,,,,,,,,,,,,,,,,,,,,,,,,,,,,,,,,,,,,,,,,,,,Item001,,,,,,,,,,,,,,,,,,,,,,,,,,,,,,,,,,,,,,,,,,,,,,,,,,,,,,,,,,,,,,,,,,,,,,,,,,,,,,,,,,,,,,,,,,,,,,,,,,,,,,,,,,,,,,,,,,,,,,,,,VTX_US_BU,END
,MCC_LEGACY123456789123456,ImpInvoice,30 Net,2020/09/14,2020/09/14,CN091420CANINV20,,,,,,,,,,,,25004,28005,,25004,28011,,,LINE,QC - multi-line invoice with recycling fee,USD,User,2020/09/14,1.0,1000.0,1.0,,1000.0,,LEGACY,CN091420CANC000001,7.0,1.0,,,,,,,,,,,,TEST090320.73,,,RIUS108111,,,,,,zzu,,,,,,,,,,,,,,,,US,,,,,,,,,,,,,,,,,,,,,,,,,,,,,,,,,,,,,,,,,,,,,,,,,,,,,,,,,,,,,,,,,,,,,,,,,,,,,,,,,,,,,,,,,Printer,,,,,,,,,,,,,,,,,,,,,,,,,,,,,,,,,,,,,,,,,,,,,,,,,,,,,,,,,,,,,,,,,,,,,,,,,,,,,,,,,,,,,,,,,,,,,,,,,,,,,,,,,,,,,,,,,,,,,,,,,VTX_US_BU,END
,MCC_LEGACY123456789123456,ImpInvoice,30 Net,2020/09/14,2020/09/14,CN091420CANINV20,,,,,,,,,,,,25004,28005,,25004,28009,,,LINE,NB - multi-line invoice with recycling fee,USD,User,2020/09/14,1.0,1000.0,2.0,,500.0,,LEGACY,CN091420CANC000001,8.0,1.0,,,,,,,,,,,,TEST090320.74,,,RIUS108111,,,,,,zzu,,,,,,,,,,,,,,,,US,,,,,,,,,,,,,,,,,,,,,,,,,,,,,,,,,,,,,,,,,,,,,,,,,,,,,,,,,,,,,,,,,,,,,,,,,,,,,,,,,,,,,,,,,Printer,,,,,,,,,,,,,,,,,,,,,,,,,,,,,,,,,,,,,,,,,,,,,,,,,,,,,,,,,,,,,,,,,,,,,,,,,,,,,,,,,,,,,,,,,,,,,,,,,,,,,,,,,,,,,,,,,,,,,,,,,VTX_US_BU,END
,MCC_LEGACY123456789123456,ImpInvoice,30 Net,2020/09/14,2020/09/14,CN091420CANINV20,,,,,,,,,,,,25004,28005,,25004,28008,,,LINE,BC - multi-line invoice with recycling fee,USD,User,2020/09/14,1.0,1000.0,4.0,,250.0,,LEGACY,CN091420CANC000001,9.0,1.0,,,,,,,,,,,,TEST090320.75,,,RIUS108111,,,,,,zzu,,,,,,,,,,,,,,,,US,,,,,,,,,,,,,,,,,,,,,,,,,,,,,,,,,,,,,,,,,,,,,,,,,,,,,,,,,,,,,,,,,,,,,,,,,,,,,,,,,,,,,,,,,Printer,,,,,,,,,,,,,,,,,,,,,,,,,,,,,,,,,,,,,,,,,,,,,,,,,,,,,,,,,,,,,,,,,,,,,,,,,,,,,,,,,,,,,,,,,,,,,,,,,,,,,,,,,,,,,,,,,,,,,,,,,VTX_US_BU,END
,MCC_LEGACY123456789123456,ImpInvoice,30 Net,2020/09/14,2020/09/14,CN091420CANINV20,,,,,,,,,,,,25004,28005,,25004,28007,,,LINE,AB - multi-line invoice with recycling fee,USD,User,2020/09/14,1.0,1000.0,5.0,,200.0,,LEGACY,CN091420CANC000001,10.0,1.0,,,,,,,,,,,,TEST090320.76,,,RIUS108111,,,,,,zzu,,,,,,,,,,,,,,,,US,,,,,,,,,,,,,,,,,,,,,,,,,,,,,,,,,,,,,,,,,,,,,,,,,,,,,,,,,,,,,,,,,,,,,,,,,,,,,,,,,,,,,,,,,Printer,,,,,,,,,,,,,,,,,,,,,,,,,,,,,,,,,,,,,,,,,,,,,,,,,,,,,,,,,,,,,,,,,,,,,,,,,,,,,,,,,,,,,,,,,,,,,,,,,,,,,,,,,,,,,,,,,,,,,,,,,VTX_US_BU,END
,MCC_LEGACY123456789123456,ImpInvoice,30 Net,2020/09/14,2020/09/14,CN091420CANINV20,,,,,,,,,,,,25004,28005,,25004,28010,,,LINE,ON - multi-line invoice with recycling fee,USD,User,2020/09/14,1.0,1000.0,10.0,,100.0,,LEGACY,CN091420CANC000001,11.0,1.0,,,,,,,,,,,,TEST090320.77,,,RIUS108111,,,,,,zzu,,,,,,,,,,,,,,,,US,,,,,,,,,,,,,,,,,,,,,,,,,,,,,,,,,,,,,,,,,,,,,,,,,,,,,,,,,,,,,,,,,,,,,,,,,,,,,,,,,,,,,,,,,Printer,,,,,,,,,,,,,,,,,,,,,,,,,,,,,,,,,,,,,,,,,,,,,,,,,,,,,,,,,,,,,,,,,,,,,,,,,,,,,,,,,,,,,,,,,,,,,,,,,,,,,,,,,,,,,,,,,,,,,,,,,VTX_US_BU,END
,MCC_LEGACY123456789123456,ImpInvoice,30 Net,2020/09/14,2020/09/14,CN091420CANINV20,,,,,,,,,,,,25004,28005,,25004,28005,,,LINE,MB - multi-line invoice with recycling fee,USD,User,2020/09/14,1.0,1000.0,2.0,,500.0,,LEGACY,CN091420CANC000001,12.0,1.0,,,,,,,,,,,,TEST090320.78,,,RIUS108111,,,,,,zzu,,,,,,,,,,,,,,,,US,,,,,,,,,,,,,,,,,,,,,,,,,,,,,,,,,,,,,,,,,,,,,,,,,,,,,,,,,,,,,,,,,,,,,,,,,,,,,,,,,,,,,,,,,Printer,,,,,,,,,,,,,,,,,,,,,,,,,,,,,,,,,,,,,,,,,,,,,,,,,,,,,,,,,,,,,,,,,,,,,,,,,,,,,,,,,,,,,,,,,,,,,,,,,,,,,,,,,,,,,,,,,,,,,,,,,VTX_US_BU,END
